event_id,case_id,parts_cents,labor_cents,logistics_cents
SIM-000000-A1,SIM-000000,896,489,150
SIM-000001-A1,SIM-000001,993,817,150
SIM-000001-A2,SIM-000001,1364,614,150
SIM-000002-A1,SIM-000002,1341,605,150
SIM-000003-A1,SIM-000003,801,1054,150
SIM-000004-A1,SIM-000004,1332,970,150
SIM-000005-A1,SIM-000005,1085,727,150
SIM-000006-A1,SIM-000006,1118,1244,150
SIM-000007-A1,SIM-000007,1370,778,150
SIM-000007-A2,SIM-000007,963,425,150
SIM-000008-A1,SIM-000008,1015,522,150
SIM-000008-A2,SIM-000008,719,685,150
SIM-000009-A1,SIM-000009,873,965,150
SIM-000010-A1,SIM-000010,1145,1466,150
SIM-000011-A1,SIM-000011,926,487,150
SIM-000012-A1,SIM-000012,879,1243,150
SIM-000013-A1,SIM-000013,1078,1179,150
SIM-000014-A1,SIM-000014,676,1396,150
SIM-000015-A1,SIM-000015,1582,1300,150
SIM-000016-A1,SIM-000016,1292,1013,150
SIM-000017-A1,SIM-000017,1424,1223,150
SIM-000018-A1,SIM-000018,1307,1219,150
SIM-000019-A1,SIM-000019,1156,725,150
SIM-000020-A1,SIM-000020,767,1202,150
SIM-000021-A1,SIM-000021,827,683,150
SIM-000022-A1,SIM-000022,823,517,150
SIM-000023-A1,SIM-000023,1212,414,150
SIM-000024-A1,SIM-000024,1587,696,150
SIM-000025-A1,SIM-000025,1595,1116,150
SIM-000026-A1,SIM-000026,1131,454,150
SIM-000027-A1,SIM-000027,1320,1466,150
SIM-000028-A1,SIM-000028,740,674,150
SIM-000029-A1,SIM-000029,788,404,150
SIM-000029-A2,SIM-000029,1446,861,150
SIM-000030-A1,SIM-000030,873,450,150
SIM-000030-A2,SIM-000030,1130,741,150
SIM-000031-A1,SIM-000031,1527,1208,150
SIM-000032-A1,SIM-000032,1530,926,150
SIM-000032-A2,SIM-000032,1066,1449,150
SIM-000033-A1,SIM-000033,1038,959,150
SIM-000034-A1,SIM-000034,875,1265,150
SIM-000035-A1,SIM-000035,1368,573,150
SIM-000035-A2,SIM-000035,682,787,150
SIM-000036-A1,SIM-000036,933,1229,150
SIM-000037-A1,SIM-000037,1545,653,150
SIM-000038-A1,SIM-000038,1297,615,150
SIM-000038-A2,SIM-000038,917,750,150
SIM-000039-A1,SIM-000039,1598,803,150
SIM-000039-A2,SIM-000039,1185,477,150
SIM-000040-A1,SIM-000040,997,1435,150
SIM-000041-A1,SIM-000041,1200,1447,150
SIM-000042-A1,SIM-000042,1579,877,150
SIM-000043-A1,SIM-000043,1328,1054,150
SIM-000044-A1,SIM-000044,1053,784,150
SIM-000045-A1,SIM-000045,856,1414,150
SIM-000046-A1,SIM-000046,1104,439,150
SIM-000046-A2,SIM-000046,1040,444,150
SIM-000047-A1,SIM-000047,903,437,150
SIM-000047-A2,SIM-000047,895,573,150
SIM-000048-A1,SIM-000048,872,557,150
SIM-000048-A2,SIM-000048,992,842,150
SIM-000049-A1,SIM-000049,1373,1163,150
SIM-000050-A1,SIM-000050,1459,1346,150
SIM-000051-A1,SIM-000051,1594,865,150
SIM-000052-A1,SIM-000052,1489,1482,150
SIM-000052-A2,SIM-000052,1196,961,150
SIM-000053-A1,SIM-000053,1305,554,150
SIM-000054-A1,SIM-000054,813,1271,150
SIM-000055-A1,SIM-000055,988,973,150
SIM-000056-A1,SIM-000056,728,1498,150
SIM-000057-A1,SIM-000057,841,849,150
SIM-000057-A2,SIM-000057,1046,793,150
SIM-000058-A1,SIM-000058,942,1144,150
SIM-000059-A1,SIM-000059,1104,405,150
SIM-000060-A1,SIM-000060,1093,1001,150
SIM-000061-A1,SIM-000061,803,480,150
SIM-000062-A1,SIM-000062,1051,955,150
SIM-000063-A1,SIM-000063,1144,559,150
SIM-000064-A1,SIM-000064,634,797,150
SIM-000065-A1,SIM-000065,1226,973,150
SIM-000066-A1,SIM-000066,1522,1393,150
SIM-000067-A1,SIM-000067,1057,1237,150
SIM-000068-A1,SIM-000068,1427,807,150
SIM-000068-A2,SIM-000068,716,578,150
SIM-000069-A1,SIM-000069,1171,981,150
SIM-000069-A2,SIM-000069,641,1301,150
SIM-000070-A1,SIM-000070,1428,626,150
SIM-000070-A2,SIM-000070,648,747,150
SIM-000071-A1,SIM-000071,698,1043,150
SIM-000071-A2,SIM-000071,1087,1125,150
SIM-000072-A1,SIM-000072,617,623,150
SIM-000073-A1,SIM-000073,1497,567,150
SIM-000074-A1,SIM-000074,658,845,150
SIM-000075-A1,SIM-000075,1222,1025,150
SIM-000076-A1,SIM-000076,929,939,150
SIM-000076-A2,SIM-000076,1473,1057,150
SIM-000077-A1,SIM-000077,1413,987,150
SIM-000078-A1,SIM-000078,1019,611,150
SIM-000079-A1,SIM-000079,1352,607,150
SIM-000080-A1,SIM-000080,939,1137,150
SIM-000081-A1,SIM-000081,816,717,150
SIM-000082-A1,SIM-000082,1050,1346,150
SIM-000083-A1,SIM-000083,724,527,150
SIM-000083-A2,SIM-000083,605,532,150
SIM-000084-A1,SIM-000084,1038,597,150
SIM-000085-A1,SIM-000085,1384,915,150
SIM-000086-A1,SIM-000086,1401,741,150
SIM-000087-A1,SIM-000087,1213,522,150
SIM-000088-A1,SIM-000088,624,859,150
SIM-000088-A2,SIM-000088,740,632,150
SIM-000089-A1,SIM-000089,607,907,150
SIM-000090-A1,SIM-000090,701,543,150
SIM-000091-A1,SIM-000091,1561,1379,150
SIM-000091-A2,SIM-000091,934,1053,150
SIM-000092-A1,SIM-000092,867,1357,150
SIM-000093-A1,SIM-000093,855,1218,150
SIM-000094-A1,SIM-000094,930,630,150
SIM-000095-A1,SIM-000095,874,783,150
SIM-000096-A1,SIM-000096,716,941,150
SIM-000096-A2,SIM-000096,792,1262,150
SIM-000097-A1,SIM-000097,1465,1489,150
SIM-000098-A1,SIM-000098,1329,1370,150
SIM-000099-A1,SIM-000099,1195,853,150
SIM-000100-A1,SIM-000100,890,1493,150
SIM-000101-A1,SIM-000101,1427,1241,150
SIM-000102-A1,SIM-000102,1551,1227,150
SIM-000103-A1,SIM-000103,900,1324,150
SIM-000104-A1,SIM-000104,1501,1217,150
SIM-000105-A1,SIM-000105,1406,670,150
SIM-000106-A1,SIM-000106,638,402,150
SIM-000107-A1,SIM-000107,1200,458,150
SIM-000107-A2,SIM-000107,1112,508,150
SIM-000108-A1,SIM-000108,1086,562,150
SIM-000109-A1,SIM-000109,822,711,150
SIM-000110-A1,SIM-000110,1166,862,150
SIM-000110-A2,SIM-000110,1443,498,150
SIM-000111-A1,SIM-000111,880,1199,150
SIM-000112-A1,SIM-000112,928,1171,150
SIM-000113-A1,SIM-000113,870,1363,150
SIM-000114-A1,SIM-000114,1291,1244,150
SIM-000115-A1,SIM-000115,890,1024,150
SIM-000115-A2,SIM-000115,1228,1270,150
SIM-000116-A1,SIM-000116,633,526,150
SIM-000117-A1,SIM-000117,633,601,150
SIM-000118-A1,SIM-000118,825,785,150
SIM-000119-A1,SIM-000119,1182,877,150
SIM-000120-A1,SIM-000120,1429,1275,150
SIM-000121-A1,SIM-000121,1057,937,150
SIM-000122-A1,SIM-000122,634,1104,150
SIM-000123-A1,SIM-000123,608,589,150
SIM-000123-A2,SIM-000123,1032,448,150
SIM-000124-A1,SIM-000124,1116,672,150
SIM-000125-A1,SIM-000125,1183,1070,150
SIM-000126-A1,SIM-000126,653,503,150
SIM-000126-A2,SIM-000126,807,806,150
SIM-000127-A1,SIM-000127,1575,400,150
SIM-000127-A2,SIM-000127,668,876,150
SIM-000128-A1,SIM-000128,769,451,150
SIM-000129-A1,SIM-000129,604,665,150
SIM-000130-A1,SIM-000130,630,459,150
SIM-000131-A1,SIM-000131,797,492,150
SIM-000132-A1,SIM-000132,722,1174,150
SIM-000133-A1,SIM-000133,970,1446,150
SIM-000134-A1,SIM-000134,687,989,150
SIM-000135-A1,SIM-000135,1016,882,150
SIM-000136-A1,SIM-000136,1319,882,150
SIM-000137-A1,SIM-000137,1560,1204,150
SIM-000138-A1,SIM-000138,947,1128,150
SIM-000139-A1,SIM-000139,966,1201,150
SIM-000140-A1,SIM-000140,1242,857,150
SIM-000141-A1,SIM-000141,1182,1316,150
SIM-000142-A1,SIM-000142,1584,1393,150
SIM-000143-A1,SIM-000143,820,998,150
SIM-000144-A1,SIM-000144,1569,431,150
SIM-000145-A1,SIM-000145,856,922,150
SIM-000146-A1,SIM-000146,1323,722,150
SIM-000147-A1,SIM-000147,958,590,150
SIM-000148-A1,SIM-000148,1041,935,150
SIM-000149-A1,SIM-000149,1538,960,150
SIM-000150-A1,SIM-000150,1316,1073,150
SIM-000151-A1,SIM-000151,626,622,150
SIM-000152-A1,SIM-000152,1296,1232,150
SIM-000153-A1,SIM-000153,1115,963,150
SIM-000154-A1,SIM-000154,936,437,150
SIM-000154-A2,SIM-000154,832,412,150
SIM-000155-A1,SIM-000155,1190,992,150
SIM-000156-A1,SIM-000156,631,960,150
SIM-000157-A1,SIM-000157,1389,1333,150
SIM-000158-A1,SIM-000158,833,1233,150
SIM-000159-A1,SIM-000159,1249,814,150
SIM-000160-A1,SIM-000160,1061,1038,150
SIM-000161-A1,SIM-000161,702,747,150
SIM-000162-A1,SIM-000162,1269,1177,150
SIM-000163-A1,SIM-000163,761,1428,150
SIM-000164-A1,SIM-000164,741,793,150
SIM-000164-A2,SIM-000164,1419,481,150
SIM-000165-A1,SIM-000165,1241,781,150
SIM-000166-A1,SIM-000166,1104,1208,150
SIM-000167-A1,SIM-000167,1120,981,150
SIM-000168-A1,SIM-000168,1268,654,150
SIM-000169-A1,SIM-000169,1108,847,150
SIM-000169-A2,SIM-000169,1377,422,150
SIM-000170-A1,SIM-000170,1158,592,150
SIM-000170-A2,SIM-000170,781,886,150
SIM-000171-A1,SIM-000171,1146,635,150
SIM-000172-A1,SIM-000172,865,1222,150
SIM-000173-A1,SIM-000173,1155,796,150
SIM-000174-A1,SIM-000174,1038,1293,150
SIM-000175-A1,SIM-000175,1542,659,150
SIM-000175-A2,SIM-000175,827,516,150
SIM-000176-A1,SIM-000176,1497,442,150
SIM-000177-A1,SIM-000177,1136,549,150
SIM-000177-A2,SIM-000177,1032,706,150
SIM-000178-A1,SIM-000178,1231,1000,150
SIM-000179-A1,SIM-000179,1478,1466,150
SIM-000180-A1,SIM-000180,987,552,150
SIM-000180-A2,SIM-000180,1087,563,150
SIM-000181-A1,SIM-000181,1266,674,150
SIM-000182-A1,SIM-000182,1016,1178,150
SIM-000183-A1,SIM-000183,836,1342,150
SIM-000184-A1,SIM-000184,1030,1055,150
SIM-000185-A1,SIM-000185,1497,503,150
SIM-000186-A1,SIM-000186,1471,556,150
SIM-000187-A1,SIM-000187,823,860,150
SIM-000188-A1,SIM-000188,1386,1191,150
SIM-000189-A1,SIM-000189,1045,1102,150
SIM-000190-A1,SIM-000190,984,847,150
SIM-000191-A1,SIM-000191,832,1264,150
SIM-000192-A1,SIM-000192,1188,1378,150
SIM-000193-A1,SIM-000193,624,1197,150
SIM-000194-A1,SIM-000194,738,636,150
SIM-000195-A1,SIM-000195,1086,1411,150
SIM-000196-A1,SIM-000196,1551,981,150
SIM-000197-A1,SIM-000197,1195,899,150
SIM-000198-A1,SIM-000198,1211,899,150
SIM-000199-A1,SIM-000199,1280,580,150
SIM-000200-A1,SIM-000200,1569,452,150
SIM-000200-A2,SIM-000200,1571,418,150
SIM-000201-A1,SIM-000201,1447,405,150
SIM-000202-A1,SIM-000202,1050,403,150
SIM-000202-A2,SIM-000202,1283,481,150
SIM-000203-A1,SIM-000203,1275,1261,150
SIM-000204-A1,SIM-000204,935,1310,150
SIM-000205-A1,SIM-000205,649,611,150
SIM-000206-A1,SIM-000206,1284,883,150
SIM-000206-A2,SIM-000206,1513,512,150
SIM-000207-A1,SIM-000207,683,843,150
SIM-000207-A2,SIM-000207,815,812,150
SIM-000208-A1,SIM-000208,1043,1214,150
SIM-000209-A1,SIM-000209,1102,919,150
SIM-000210-A1,SIM-000210,1532,1351,150
SIM-000210-A2,SIM-000210,1201,1063,150
SIM-000211-A1,SIM-000211,1451,1209,150
SIM-000212-A1,SIM-000212,1242,419,150
SIM-000213-A1,SIM-000213,665,552,150
SIM-000214-A1,SIM-000214,1447,1438,150
SIM-000215-A1,SIM-000215,1195,892,150
SIM-000216-A1,SIM-000216,1237,628,150
SIM-000216-A2,SIM-000216,616,546,150
SIM-000217-A1,SIM-000217,629,1011,150
SIM-000218-A1,SIM-000218,1485,597,150
SIM-000218-A2,SIM-000218,1423,529,150
SIM-000219-A1,SIM-000219,689,1458,150
SIM-000220-A1,SIM-000220,771,982,150
SIM-000220-A2,SIM-000220,1556,1357,150
SIM-000221-A1,SIM-000221,1381,916,150
SIM-000222-A1,SIM-000222,1280,989,150
SIM-000223-A1,SIM-000223,1248,482,150
SIM-000224-A1,SIM-000224,695,649,150
SIM-000225-A1,SIM-000225,1405,1039,150
SIM-000226-A1,SIM-000226,871,548,150
SIM-000227-A1,SIM-000227,1141,1330,150
SIM-000227-A2,SIM-000227,1444,977,150
SIM-000228-A1,SIM-000228,1495,488,150
SIM-000229-A1,SIM-000229,1402,1477,150
SIM-000230-A1,SIM-000230,762,826,150
SIM-000231-A1,SIM-000231,1479,540,150
SIM-000232-A1,SIM-000232,949,847,150
SIM-000233-A1,SIM-000233,1144,557,150
SIM-000234-A1,SIM-000234,1286,678,150
SIM-000235-A1,SIM-000235,628,1143,150
SIM-000236-A1,SIM-000236,1207,670,150
SIM-000236-A2,SIM-000236,793,454,150
SIM-000237-A1,SIM-000237,801,814,150
SIM-000238-A1,SIM-000238,988,1091,150
SIM-000239-A1,SIM-000239,678,698,150
SIM-000240-A1,SIM-000240,742,652,150
SIM-000240-A2,SIM-000240,876,897,150
SIM-000241-A1,SIM-000241,813,864,150
SIM-000242-A1,SIM-000242,751,1347,150
SIM-000243-A1,SIM-000243,1117,962,150
SIM-000244-A1,SIM-000244,1483,1210,150
SIM-000245-A1,SIM-000245,1320,490,150
SIM-000246-A1,SIM-000246,888,1365,150
SIM-000247-A1,SIM-000247,1462,1288,150
SIM-000248-A1,SIM-000248,1513,1177,150
SIM-000249-A1,SIM-000249,1114,992,150
SIM-000250-A1,SIM-000250,903,757,150
SIM-000251-A1,SIM-000251,679,586,150
SIM-000251-A2,SIM-000251,645,827,150
SIM-000252-A1,SIM-000252,1106,1263,150
SIM-000253-A1,SIM-000253,1396,1061,150
SIM-000254-A1,SIM-000254,1583,663,150
SIM-000254-A2,SIM-000254,1565,737,150
SIM-000255-A1,SIM-000255,1131,1268,150
SIM-000256-A1,SIM-000256,1274,900,150
SIM-000257-A1,SIM-000257,1445,757,150
SIM-000258-A1,SIM-000258,605,728,150
SIM-000258-A2,SIM-000258,854,609,150
SIM-000259-A1,SIM-000259,1542,1046,150
SIM-000260-A1,SIM-000260,1145,1117,150
SIM-000261-A1,SIM-000261,1479,475,150
SIM-000262-A1,SIM-000262,1124,413,150
SIM-000262-A2,SIM-000262,600,709,150
SIM-000263-A1,SIM-000263,622,435,150
SIM-000264-A1,SIM-000264,1215,731,150
SIM-000264-A2,SIM-000264,1420,698,150
SIM-000265-A1,SIM-000265,1352,1096,150
SIM-000266-A1,SIM-000266,1309,1010,150
SIM-000267-A1,SIM-000267,1472,710,150
SIM-000268-A1,SIM-000268,1280,676,150
SIM-000269-A1,SIM-000269,801,1466,150
SIM-000270-A1,SIM-000270,947,1266,150
SIM-000270-A2,SIM-000270,1471,1337,150
SIM-000271-A1,SIM-000271,1139,970,150
SIM-000272-A1,SIM-000272,684,985,150
SIM-000272-A2,SIM-000272,767,1356,150
SIM-000273-A1,SIM-000273,1407,1132,150
SIM-000274-A1,SIM-000274,891,1310,150
SIM-000275-A1,SIM-000275,657,1380,150
SIM-000275-A2,SIM-000275,812,946,150
SIM-000276-A1,SIM-000276,1036,501,150
SIM-000277-A1,SIM-000277,1282,622,150
SIM-000278-A1,SIM-000278,1323,1144,150
SIM-000279-A1,SIM-000279,767,1297,150
SIM-000280-A1,SIM-000280,1476,1329,150
SIM-000281-A1,SIM-000281,1353,552,150
SIM-000282-A1,SIM-000282,1323,1489,150
SIM-000283-A1,SIM-000283,726,1459,150
SIM-000284-A1,SIM-000284,1437,1146,150
SIM-000285-A1,SIM-000285,730,1026,150
SIM-000286-A1,SIM-000286,1069,1030,150
SIM-000287-A1,SIM-000287,1182,932,150
SIM-000288-A1,SIM-000288,1083,1394,150
SIM-000289-A1,SIM-000289,621,1132,150
SIM-000290-A1,SIM-000290,1054,762,150
SIM-000291-A1,SIM-000291,1540,816,150
SIM-000291-A2,SIM-000291,1363,753,150
SIM-000292-A1,SIM-000292,1137,1343,150
SIM-000293-A1,SIM-000293,1458,459,150
SIM-000294-A1,SIM-000294,666,891,150
SIM-000295-A1,SIM-000295,739,950,150
SIM-000296-A1,SIM-000296,1428,1320,150
SIM-000297-A1,SIM-000297,1546,450,150
SIM-000298-A1,SIM-000298,1350,528,150
SIM-000299-A1,SIM-000299,908,491,150
SIM-000300-A1,SIM-000300,1542,1160,150
SIM-000301-A1,SIM-000301,791,858,150
SIM-000302-A1,SIM-000302,634,1121,150
SIM-000303-A1,SIM-000303,912,779,150
SIM-000304-A1,SIM-000304,851,1181,150
SIM-000304-A2,SIM-000304,858,1124,150
SIM-000305-A1,SIM-000305,1101,1274,150
SIM-000306-A1,SIM-000306,915,1234,150
SIM-000307-A1,SIM-000307,1453,750,150
SIM-000308-A1,SIM-000308,981,984,150
SIM-000309-A1,SIM-000309,1583,425,150
SIM-000310-A1,SIM-000310,603,1384,150
SIM-000311-A1,SIM-000311,698,928,150
SIM-000311-A2,SIM-000311,1305,1473,150
SIM-000312-A1,SIM-000312,1592,1360,150
SIM-000313-A1,SIM-000313,666,1393,150
SIM-000314-A1,SIM-000314,697,1013,150
SIM-000315-A1,SIM-000315,1142,1470,150
SIM-000316-A1,SIM-000316,1260,733,150
SIM-000316-A2,SIM-000316,1317,778,150
SIM-000317-A1,SIM-000317,1106,1449,150
SIM-000318-A1,SIM-000318,1485,1496,150
SIM-000319-A1,SIM-000319,690,1268,150
SIM-000319-A2,SIM-000319,1346,1293,150
SIM-000320-A1,SIM-000320,603,1009,150
SIM-000321-A1,SIM-000321,722,941,150
SIM-000322-A1,SIM-000322,1429,1057,150
SIM-000322-A2,SIM-000322,837,1296,150
SIM-000323-A1,SIM-000323,1255,1032,150
SIM-000324-A1,SIM-000324,880,832,150
SIM-000324-A2,SIM-000324,980,506,150
SIM-000325-A1,SIM-000325,791,777,150
SIM-000325-A2,SIM-000325,1041,800,150
SIM-000326-A1,SIM-000326,742,681,150
SIM-000327-A1,SIM-000327,1023,710,150
SIM-000328-A1,SIM-000328,1558,1010,150
SIM-000329-A1,SIM-000329,639,666,150
SIM-000329-A2,SIM-000329,1205,754,150
SIM-000330-A1,SIM-000330,1036,1378,150
SIM-000331-A1,SIM-000331,808,924,150
SIM-000332-A1,SIM-000332,1165,404,150
SIM-000332-A2,SIM-000332,1504,423,150
SIM-000333-A1,SIM-000333,872,1449,150
SIM-000334-A1,SIM-000334,1585,1449,150
SIM-000335-A1,SIM-000335,1439,1310,150
SIM-000336-A1,SIM-000336,1269,1466,150
SIM-000337-A1,SIM-000337,1344,1097,150
SIM-000337-A2,SIM-000337,1334,1398,150
SIM-000338-A1,SIM-000338,1241,1358,150
SIM-000339-A1,SIM-000339,912,1294,150
SIM-000340-A1,SIM-000340,1539,874,150
SIM-000340-A2,SIM-000340,1436,869,150
SIM-000341-A1,SIM-000341,1028,684,150
SIM-000341-A2,SIM-000341,1197,637,150
SIM-000342-A1,SIM-000342,1288,483,150
SIM-000343-A1,SIM-000343,765,873,150
SIM-000344-A1,SIM-000344,1526,474,150
SIM-000345-A1,SIM-000345,1026,776,150
SIM-000345-A2,SIM-000345,963,401,150
SIM-000346-A1,SIM-000346,1014,815,150
SIM-000347-A1,SIM-000347,657,804,150
SIM-000347-A2,SIM-000347,777,547,150
SIM-000348-A1,SIM-000348,972,1467,150
SIM-000349-A1,SIM-000349,1468,554,150
SIM-000350-A1,SIM-000350,1289,585,150
SIM-000351-A1,SIM-000351,949,1305,150
SIM-000352-A1,SIM-000352,1177,1094,150
SIM-000353-A1,SIM-000353,852,643,150
SIM-000354-A1,SIM-000354,872,538,150
SIM-000355-A1,SIM-000355,1588,803,150
SIM-000356-A1,SIM-000356,1153,1349,150
SIM-000357-A1,SIM-000357,727,1066,150
SIM-000358-A1,SIM-000358,1150,1072,150
SIM-000359-A1,SIM-000359,1167,1118,150
SIM-000360-A1,SIM-000360,1118,1352,150
SIM-000361-A1,SIM-000361,970,546,150
SIM-000362-A1,SIM-000362,1021,647,150
SIM-000362-A2,SIM-000362,991,809,150
SIM-000363-A1,SIM-000363,1056,581,150
SIM-000364-A1,SIM-000364,1024,688,150
SIM-000365-A1,SIM-000365,935,1191,150
SIM-000366-A1,SIM-000366,684,940,150
SIM-000367-A1,SIM-000367,1343,419,150
SIM-000368-A1,SIM-000368,1279,1427,150
SIM-000369-A1,SIM-000369,1453,1253,150
SIM-000369-A2,SIM-000369,1271,987,150
SIM-000370-A1,SIM-000370,1569,1055,150
SIM-000371-A1,SIM-000371,1572,469,150
SIM-000372-A1,SIM-000372,935,1006,150
SIM-000373-A1,SIM-000373,1343,1285,150
SIM-000374-A1,SIM-000374,1118,842,150
SIM-000374-A2,SIM-000374,1600,888,150
SIM-000375-A1,SIM-000375,1135,1282,150
SIM-000376-A1,SIM-000376,958,1366,150
SIM-000377-A1,SIM-000377,961,1004,150
SIM-000378-A1,SIM-000378,932,1310,150
SIM-000379-A1,SIM-000379,1151,704,150
SIM-000380-A1,SIM-000380,944,1221,150
SIM-000381-A1,SIM-000381,694,911,150
SIM-000381-A2,SIM-000381,1435,1343,150
SIM-000382-A1,SIM-000382,1049,876,150
SIM-000383-A1,SIM-000383,1402,986,150
SIM-000384-A1,SIM-000384,943,778,150
SIM-000385-A1,SIM-000385,1067,780,150
SIM-000386-A1,SIM-000386,1141,434,150
SIM-000386-A2,SIM-000386,1022,488,150
SIM-000387-A1,SIM-000387,1085,637,150
SIM-000387-A2,SIM-000387,1600,883,150
SIM-000388-A1,SIM-000388,1094,480,150
SIM-000389-A1,SIM-000389,852,587,150
SIM-000389-A2,SIM-000389,1500,697,150
SIM-000390-A1,SIM-000390,1034,618,150
SIM-000391-A1,SIM-000391,1088,1354,150
SIM-000392-A1,SIM-000392,895,482,150
SIM-000393-A1,SIM-000393,1188,1009,150
SIM-000394-A1,SIM-000394,1590,1427,150
SIM-000395-A1,SIM-000395,1236,1379,150
SIM-000395-A2,SIM-000395,817,1241,150
SIM-000396-A1,SIM-000396,1098,542,150
SIM-000397-A1,SIM-000397,606,600,150
SIM-000398-A1,SIM-000398,1436,607,150
SIM-000398-A2,SIM-000398,1520,488,150
SIM-000399-A1,SIM-000399,1310,820,150
SIM-000400-A1,SIM-000400,1069,582,150
SIM-000401-A1,SIM-000401,1120,627,150
SIM-000402-A1,SIM-000402,952,678,150
SIM-000403-A1,SIM-000403,814,1212,150
SIM-000404-A1,SIM-000404,1031,664,150
SIM-000405-A1,SIM-000405,1065,411,150
SIM-000406-A1,SIM-000406,1010,915,150
SIM-000407-A1,SIM-000407,694,669,150
SIM-000408-A1,SIM-000408,1205,906,150
SIM-000409-A1,SIM-000409,638,711,150
SIM-000409-A2,SIM-000409,1303,834,150
SIM-000410-A1,SIM-000410,890,1137,150
SIM-000411-A1,SIM-000411,1339,497,150
SIM-000412-A1,SIM-000412,956,1114,150
SIM-000413-A1,SIM-000413,1209,1287,150
SIM-000414-A1,SIM-000414,1187,1231,150
SIM-000414-A2,SIM-000414,1458,924,150
SIM-000415-A1,SIM-000415,747,727,150
SIM-000415-A2,SIM-000415,1462,856,150
SIM-000416-A1,SIM-000416,661,950,150
SIM-000417-A1,SIM-000417,721,602,150
SIM-000418-A1,SIM-000418,938,793,150
SIM-000419-A1,SIM-000419,856,574,150
SIM-000420-A1,SIM-000420,1205,1341,150
SIM-000421-A1,SIM-000421,1501,1031,150
SIM-000422-A1,SIM-000422,1391,1199,150
SIM-000423-A1,SIM-000423,933,1169,150
SIM-000424-A1,SIM-000424,1533,612,150
SIM-000425-A1,SIM-000425,946,584,150
SIM-000425-A2,SIM-000425,1473,796,150
SIM-000426-A1,SIM-000426,1245,1137,150
SIM-000427-A1,SIM-000427,1311,1003,150
SIM-000428-A1,SIM-000428,1291,401,150
SIM-000429-A1,SIM-000429,916,1363,150
SIM-000430-A1,SIM-000430,1410,727,150
SIM-000430-A2,SIM-000430,1214,608,150
SIM-000431-A1,SIM-000431,1167,516,150
SIM-000432-A1,SIM-000432,872,901,150
SIM-000432-A2,SIM-000432,604,987,150
SIM-000433-A1,SIM-000433,1355,465,150
SIM-000434-A1,SIM-000434,1191,635,150
SIM-000435-A1,SIM-000435,1327,1041,150
SIM-000435-A2,SIM-000435,1171,1144,150
SIM-000436-A1,SIM-000436,685,686,150
SIM-000436-A2,SIM-000436,904,416,150
SIM-000437-A1,SIM-000437,1294,813,150
SIM-000438-A1,SIM-000438,763,655,150
SIM-000439-A1,SIM-000439,1499,556,150
SIM-000440-A1,SIM-000440,1382,688,150
SIM-000440-A2,SIM-000440,611,847,150
SIM-000441-A1,SIM-000441,775,447,150
SIM-000442-A1,SIM-000442,921,989,150
SIM-000443-A1,SIM-000443,1443,757,150
SIM-000444-A1,SIM-000444,1304,1313,150
SIM-000445-A1,SIM-000445,823,645,150
SIM-000446-A1,SIM-000446,1550,1096,150
SIM-000447-A1,SIM-000447,1288,465,150
SIM-000448-A1,SIM-000448,701,663,150
SIM-000448-A2,SIM-000448,1059,704,150
SIM-000449-A1,SIM-000449,1235,887,150
SIM-000450-A1,SIM-000450,689,1148,150
SIM-000451-A1,SIM-000451,803,992,150
SIM-000452-A1,SIM-000452,662,794,150
SIM-000452-A2,SIM-000452,1218,837,150
SIM-000453-A1,SIM-000453,1184,840,150
SIM-000453-A2,SIM-000453,751,630,150
SIM-000454-A1,SIM-000454,760,557,150
SIM-000455-A1,SIM-000455,664,999,150
SIM-000456-A1,SIM-000456,1213,1149,150
SIM-000457-A1,SIM-000457,1426,1101,150
SIM-000458-A1,SIM-000458,865,604,150
SIM-000459-A1,SIM-000459,1170,672,150
SIM-000460-A1,SIM-000460,1438,912,150
SIM-000461-A1,SIM-000461,1587,806,150
SIM-000462-A1,SIM-000462,1371,996,150
SIM-000463-A1,SIM-000463,873,1200,150
SIM-000464-A1,SIM-000464,923,762,150
SIM-000465-A1,SIM-000465,743,1397,150
SIM-000465-A2,SIM-000465,1007,1095,150
SIM-000466-A1,SIM-000466,605,971,150
SIM-000467-A1,SIM-000467,1317,487,150
SIM-000467-A2,SIM-000467,950,719,150
SIM-000468-A1,SIM-000468,1167,1270,150
SIM-000469-A1,SIM-000469,1260,957,150
SIM-000470-A1,SIM-000470,1383,889,150
SIM-000470-A2,SIM-000470,1513,698,150
SIM-000471-A1,SIM-000471,657,741,150
SIM-000471-A2,SIM-000471,1035,853,150
SIM-000472-A1,SIM-000472,774,1273,150
SIM-000473-A1,SIM-000473,895,1385,150
SIM-000474-A1,SIM-000474,978,1217,150
SIM-000475-A1,SIM-000475,1052,1279,150
SIM-000475-A2,SIM-000475,1207,1387,150
SIM-000476-A1,SIM-000476,756,699,150
SIM-000476-A2,SIM-000476,782,688,150
SIM-000477-A1,SIM-000477,870,1388,150
SIM-000478-A1,SIM-000478,1122,864,150
SIM-000479-A1,SIM-000479,1468,1106,150
SIM-000480-A1,SIM-000480,1444,1297,150
SIM-000481-A1,SIM-000481,1190,866,150
SIM-000481-A2,SIM-000481,1475,742,150
SIM-000482-A1,SIM-000482,903,407,150
SIM-000482-A2,SIM-000482,958,491,150
SIM-000483-A1,SIM-000483,881,842,150
SIM-000484-A1,SIM-000484,688,1061,150
SIM-000485-A1,SIM-000485,1053,1329,150
SIM-000486-A1,SIM-000486,1322,988,150
SIM-000487-A1,SIM-000487,1415,490,150
SIM-000488-A1,SIM-000488,1430,1452,150
SIM-000489-A1,SIM-000489,1292,957,150
SIM-000490-A1,SIM-000490,723,1429,150
SIM-000491-A1,SIM-000491,1100,870,150
SIM-000492-A1,SIM-000492,1341,1264,150
SIM-000493-A1,SIM-000493,1410,485,150
SIM-000493-A2,SIM-000493,965,820,150
SIM-000494-A1,SIM-000494,1349,1425,150
SIM-000495-A1,SIM-000495,1418,863,150
SIM-000496-A1,SIM-000496,1053,432,150
SIM-000497-A1,SIM-000497,1477,997,150
SIM-000498-A1,SIM-000498,1180,709,150
SIM-000499-A1,SIM-000499,1406,1054,150
SIM-000500-A1,SIM-000500,821,1148,150
SIM-000501-A1,SIM-000501,810,1329,150
SIM-000502-A1,SIM-000502,1068,1179,150
SIM-000503-A1,SIM-000503,898,1457,150
SIM-000504-A1,SIM-000504,956,1246,150
SIM-000505-A1,SIM-000505,794,859,150
SIM-000505-A2,SIM-000505,1493,491,150
SIM-000506-A1,SIM-000506,601,524,150
SIM-000507-A1,SIM-000507,1039,1171,150
SIM-000508-A1,SIM-000508,776,525,150
SIM-000508-A2,SIM-000508,1578,799,150
SIM-000509-A1,SIM-000509,841,672,150
SIM-000510-A1,SIM-000510,1308,866,150
SIM-000511-A1,SIM-000511,1464,1080,150
SIM-000512-A1,SIM-000512,868,1429,150
SIM-000512-A2,SIM-000512,1198,1194,150
SIM-000513-A1,SIM-000513,1184,542,150
SIM-000513-A2,SIM-000513,638,774,150
SIM-000514-A1,SIM-000514,743,1242,150
SIM-000515-A1,SIM-000515,869,916,150
SIM-000515-A2,SIM-000515,1494,1488,150
SIM-000516-A1,SIM-000516,912,676,150
SIM-000516-A2,SIM-000516,627,449,150
SIM-000517-A1,SIM-000517,1181,483,150
SIM-000518-A1,SIM-000518,1264,796,150
SIM-000519-A1,SIM-000519,1199,1053,150
SIM-000519-A2,SIM-000519,1195,1389,150
SIM-000520-A1,SIM-000520,1575,1120,150
SIM-000521-A1,SIM-000521,1246,1299,150
SIM-000522-A1,SIM-000522,850,1291,150
SIM-000523-A1,SIM-000523,1482,516,150
SIM-000524-A1,SIM-000524,1441,1259,150
SIM-000525-A1,SIM-000525,1040,1321,150
SIM-000526-A1,SIM-000526,682,664,150
SIM-000527-A1,SIM-000527,633,1367,150
SIM-000528-A1,SIM-000528,651,1301,150
SIM-000529-A1,SIM-000529,1434,966,150
SIM-000529-A2,SIM-000529,1078,1118,150
SIM-000530-A1,SIM-000530,1256,565,150
SIM-000530-A2,SIM-000530,1308,547,150
SIM-000531-A1,SIM-000531,1082,1053,150
SIM-000532-A1,SIM-000532,1502,1124,150
SIM-000533-A1,SIM-000533,1057,421,150
SIM-000534-A1,SIM-000534,1378,1378,150
SIM-000535-A1,SIM-000535,1224,811,150
SIM-000535-A2,SIM-000535,1056,831,150
SIM-000536-A1,SIM-000536,1102,417,150
SIM-000537-A1,SIM-000537,777,1449,150
SIM-000538-A1,SIM-000538,1023,1079,150
SIM-000538-A2,SIM-000538,941,1217,150
SIM-000539-A1,SIM-000539,647,1223,150
SIM-000540-A1,SIM-000540,1486,1072,150
SIM-000541-A1,SIM-000541,1469,679,150
SIM-000542-A1,SIM-000542,735,1356,150
SIM-000543-A1,SIM-000543,1424,670,150
SIM-000544-A1,SIM-000544,1195,612,150
SIM-000545-A1,SIM-000545,1143,643,150
SIM-000546-A1,SIM-000546,1438,766,150
SIM-000546-A2,SIM-000546,802,725,150
SIM-000547-A1,SIM-000547,1351,651,150
SIM-000548-A1,SIM-000548,1575,587,150
SIM-000548-A2,SIM-000548,1070,818,150
SIM-000549-A1,SIM-000549,744,488,150
SIM-000550-A1,SIM-000550,1086,1146,150
SIM-000550-A2,SIM-000550,1538,975,150
SIM-000551-A1,SIM-000551,1002,1043,150
SIM-000552-A1,SIM-000552,669,797,150
SIM-000553-A1,SIM-000553,1045,1336,150
SIM-000554-A1,SIM-000554,753,802,150
SIM-000555-A1,SIM-000555,977,1492,150
SIM-000556-A1,SIM-000556,953,553,150
SIM-000557-A1,SIM-000557,773,849,150
SIM-000557-A2,SIM-000557,1497,814,150
SIM-000558-A1,SIM-000558,881,994,150
SIM-000559-A1,SIM-000559,716,743,150
SIM-000560-A1,SIM-000560,1081,1446,150
SIM-000561-A1,SIM-000561,905,709,150
SIM-000562-A1,SIM-000562,1098,765,150
SIM-000562-A2,SIM-000562,819,533,150
SIM-000563-A1,SIM-000563,630,834,150
SIM-000564-A1,SIM-000564,1329,1047,150
SIM-000565-A1,SIM-000565,934,822,150
SIM-000566-A1,SIM-000566,1209,884,150
SIM-000566-A2,SIM-000566,1371,658,150
SIM-000567-A1,SIM-000567,1594,651,150
SIM-000568-A1,SIM-000568,1417,474,150
SIM-000569-A1,SIM-000569,1483,552,150
SIM-000570-A1,SIM-000570,733,582,150
SIM-000571-A1,SIM-000571,944,510,150
SIM-000572-A1,SIM-000572,1162,1400,150
SIM-000572-A2,SIM-000572,1193,1300,150
SIM-000573-A1,SIM-000573,671,635,150
SIM-000574-A1,SIM-000574,1302,1370,150
SIM-000575-A1,SIM-000575,1207,733,150
SIM-000576-A1,SIM-000576,644,498,150
SIM-000577-A1,SIM-000577,1206,1390,150
SIM-000578-A1,SIM-000578,1558,505,150
SIM-000579-A1,SIM-000579,1332,650,150
SIM-000580-A1,SIM-000580,1492,714,150
SIM-000581-A1,SIM-000581,1050,519,150
SIM-000582-A1,SIM-000582,1380,1003,150
SIM-000583-A1,SIM-000583,1115,1117,150
SIM-000584-A1,SIM-000584,912,818,150
SIM-000585-A1,SIM-000585,1350,497,150
SIM-000585-A2,SIM-000585,1245,616,150
SIM-000586-A1,SIM-000586,1405,492,150
SIM-000586-A2,SIM-000586,770,755,150
SIM-000587-A1,SIM-000587,990,1042,150
SIM-000587-A2,SIM-000587,677,1186,150
SIM-000588-A1,SIM-000588,918,1183,150
SIM-000589-A1,SIM-000589,1231,423,150
SIM-000590-A1,SIM-000590,609,691,150
SIM-000590-A2,SIM-000590,1156,428,150
SIM-000591-A1,SIM-000591,1245,1226,150
SIM-000592-A1,SIM-000592,958,560,150
SIM-000593-A1,SIM-000593,1131,696,150
SIM-000594-A1,SIM-000594,1034,673,150
SIM-000595-A1,SIM-000595,902,1020,150
SIM-000596-A1,SIM-000596,1059,1343,150
SIM-000597-A1,SIM-000597,1004,472,150
SIM-000598-A1,SIM-000598,924,1099,150
SIM-000599-A1,SIM-000599,757,599,150
SIM-000600-A1,SIM-000600,655,639,150
SIM-000601-A1,SIM-000601,813,519,150
SIM-000602-A1,SIM-000602,902,664,150
SIM-000603-A1,SIM-000603,1556,466,150
SIM-000604-A1,SIM-000604,1284,1033,150
SIM-000604-A2,SIM-000604,1365,959,150
SIM-000605-A1,SIM-000605,1148,1483,150
SIM-000606-A1,SIM-000606,659,1105,150
SIM-000607-A1,SIM-000607,721,808,150
SIM-000608-A1,SIM-000608,746,1401,150
SIM-000609-A1,SIM-000609,1229,551,150
SIM-000610-A1,SIM-000610,1004,1105,150
SIM-000611-A1,SIM-000611,1320,1267,150
SIM-000612-A1,SIM-000612,651,623,150
SIM-000612-A2,SIM-000612,1445,819,150
SIM-000613-A1,SIM-000613,1541,503,150
SIM-000613-A2,SIM-000613,1090,605,150
SIM-000614-A1,SIM-000614,1342,1013,150
SIM-000614-A2,SIM-000614,901,1184,150
SIM-000615-A1,SIM-000615,1153,1020,150
SIM-000616-A1,SIM-000616,1315,440,150
SIM-000617-A1,SIM-000617,622,1053,150
SIM-000618-A1,SIM-000618,1562,1445,150
SIM-000619-A1,SIM-000619,1308,1423,150
SIM-000620-A1,SIM-000620,1270,803,150
SIM-000621-A1,SIM-000621,1384,461,150
SIM-000622-A1,SIM-000622,1490,1368,150
SIM-000623-A1,SIM-000623,1286,1280,150
SIM-000624-A1,SIM-000624,1444,641,150
SIM-000625-A1,SIM-000625,1046,1497,150
SIM-000626-A1,SIM-000626,774,594,150
SIM-000627-A1,SIM-000627,1342,1424,150
SIM-000628-A1,SIM-000628,1277,665,150
SIM-000629-A1,SIM-000629,977,1035,150
SIM-000630-A1,SIM-000630,1376,646,150
SIM-000630-A2,SIM-000630,1251,599,150
SIM-000631-A1,SIM-000631,1542,1074,150
SIM-000631-A2,SIM-000631,1402,1194,150
SIM-000632-A1,SIM-000632,1190,511,150
SIM-000633-A1,SIM-000633,1298,801,150
SIM-000634-A1,SIM-000634,1011,496,150
SIM-000635-A1,SIM-000635,1502,1046,150
SIM-000636-A1,SIM-000636,1320,741,150
SIM-000637-A1,SIM-000637,903,1008,150
SIM-000638-A1,SIM-000638,1466,1439,150
SIM-000639-A1,SIM-000639,1249,708,150
SIM-000639-A2,SIM-000639,1123,587,150
SIM-000640-A1,SIM-000640,1077,1185,150
SIM-000641-A1,SIM-000641,1556,1080,150
SIM-000642-A1,SIM-000642,1075,782,150
SIM-000643-A1,SIM-000643,1294,815,150
SIM-000644-A1,SIM-000644,703,968,150
SIM-000645-A1,SIM-000645,1155,556,150
SIM-000646-A1,SIM-000646,1459,1259,150
SIM-000647-A1,SIM-000647,1223,1105,150
SIM-000647-A2,SIM-000647,722,1032,150
SIM-000648-A1,SIM-000648,1560,680,150
SIM-000649-A1,SIM-000649,700,644,150
SIM-000650-A1,SIM-000650,1332,725,150
SIM-000651-A1,SIM-000651,652,1142,150
SIM-000652-A1,SIM-000652,1023,1063,150
SIM-000653-A1,SIM-000653,1071,710,150
SIM-000654-A1,SIM-000654,1561,660,150
SIM-000655-A1,SIM-000655,1523,704,150
SIM-000656-A1,SIM-000656,1550,1221,150
SIM-000657-A1,SIM-000657,1079,1479,150
SIM-000658-A1,SIM-000658,615,887,150
SIM-000658-A2,SIM-000658,735,669,150
SIM-000659-A1,SIM-000659,1584,1087,150
SIM-000660-A1,SIM-000660,1116,1004,150
SIM-000661-A1,SIM-000661,1338,1107,150
SIM-000662-A1,SIM-000662,1575,1130,150
SIM-000663-A1,SIM-000663,1316,973,150
SIM-000664-A1,SIM-000664,1398,701,150
SIM-000665-A1,SIM-000665,964,679,150
SIM-000666-A1,SIM-000666,1046,1278,150
SIM-000667-A1,SIM-000667,768,1274,150
SIM-000668-A1,SIM-000668,767,1394,150
SIM-000669-A1,SIM-000669,1418,1277,150
SIM-000670-A1,SIM-000670,1505,569,150
SIM-000671-A1,SIM-000671,1131,988,150
SIM-000672-A1,SIM-000672,904,695,150
SIM-000672-A2,SIM-000672,757,483,150
SIM-000673-A1,SIM-000673,1302,721,150
SIM-000674-A1,SIM-000674,1364,903,150
SIM-000675-A1,SIM-000675,775,1133,150
SIM-000676-A1,SIM-000676,1272,1046,150
SIM-000677-A1,SIM-000677,1558,1156,150
SIM-000678-A1,SIM-000678,602,750,150
SIM-000678-A2,SIM-000678,802,595,150
SIM-000679-A1,SIM-000679,678,1137,150
SIM-000679-A2,SIM-000679,982,1347,150
SIM-000680-A1,SIM-000680,1452,1413,150
SIM-000680-A2,SIM-000680,1012,1078,150
SIM-000681-A1,SIM-000681,1250,817,150
SIM-000682-A1,SIM-000682,1054,775,150
SIM-000683-A1,SIM-000683,1587,1080,150
SIM-000684-A1,SIM-000684,1398,690,150
SIM-000685-A1,SIM-000685,997,1390,150
SIM-000686-A1,SIM-000686,1277,580,150
SIM-000686-A2,SIM-000686,1287,774,150
SIM-000687-A1,SIM-000687,1567,691,150
SIM-000688-A1,SIM-000688,1042,1120,150
SIM-000689-A1,SIM-000689,1573,509,150
SIM-000690-A1,SIM-000690,741,780,150
SIM-000691-A1,SIM-000691,889,1330,150
SIM-000692-A1,SIM-000692,1135,1218,150
SIM-000693-A1,SIM-000693,1111,960,150
SIM-000694-A1,SIM-000694,1228,916,150
SIM-000694-A2,SIM-000694,601,1153,150
SIM-000695-A1,SIM-000695,1395,1334,150
SIM-000696-A1,SIM-000696,1250,493,150
SIM-000696-A2,SIM-000696,937,707,150
SIM-000697-A1,SIM-000697,1162,1302,150
SIM-000698-A1,SIM-000698,1313,657,150
SIM-000699-A1,SIM-000699,1485,1277,150
SIM-000700-A1,SIM-000700,913,980,150
SIM-000701-A1,SIM-000701,959,1151,150
SIM-000701-A2,SIM-000701,1326,1359,150
SIM-000702-A1,SIM-000702,1516,1466,150
SIM-000703-A1,SIM-000703,1389,1002,150
SIM-000704-A1,SIM-000704,967,1160,150
SIM-000704-A2,SIM-000704,1523,1056,150
SIM-000705-A1,SIM-000705,694,715,150
SIM-000706-A1,SIM-000706,1103,972,150
SIM-000707-A1,SIM-000707,1527,759,150
SIM-000708-A1,SIM-000708,1021,1194,150
SIM-000709-A1,SIM-000709,968,859,150
SIM-000709-A2,SIM-000709,1085,541,150
SIM-000710-A1,SIM-000710,868,512,150
SIM-000711-A1,SIM-000711,1145,587,150
SIM-000712-A1,SIM-000712,1348,988,150
SIM-000713-A1,SIM-000713,849,810,150
SIM-000713-A2,SIM-000713,1488,625,150
SIM-000714-A1,SIM-000714,1167,1021,150
SIM-000715-A1,SIM-000715,890,488,150
SIM-000715-A2,SIM-000715,1511,475,150
SIM-000716-A1,SIM-000716,1245,1186,150
SIM-000717-A1,SIM-000717,1329,1340,150
SIM-000718-A1,SIM-000718,743,1398,150
SIM-000719-A1,SIM-000719,1333,956,150
SIM-000720-A1,SIM-000720,928,1017,150
SIM-000721-A1,SIM-000721,821,934,150
SIM-000722-A1,SIM-000722,723,866,150
SIM-000723-A1,SIM-000723,624,699,150
SIM-000724-A1,SIM-000724,1547,963,150
SIM-000725-A1,SIM-000725,1229,1500,150
SIM-000726-A1,SIM-000726,1227,1318,150
SIM-000727-A1,SIM-000727,1175,766,150
SIM-000728-A1,SIM-000728,877,757,150
SIM-000729-A1,SIM-000729,1071,1307,150
SIM-000730-A1,SIM-000730,1048,1123,150
SIM-000731-A1,SIM-000731,1537,953,150
SIM-000732-A1,SIM-000732,787,1347,150
SIM-000733-A1,SIM-000733,1456,764,150
SIM-000733-A2,SIM-000733,617,839,150
SIM-000734-A1,SIM-000734,1386,850,150
SIM-000735-A1,SIM-000735,1380,1058,150
SIM-000736-A1,SIM-000736,1530,509,150
SIM-000737-A1,SIM-000737,1181,1000,150
SIM-000738-A1,SIM-000738,1001,578,150
SIM-000739-A1,SIM-000739,1362,767,150
SIM-000740-A1,SIM-000740,1533,1094,150
SIM-000741-A1,SIM-000741,751,616,150
SIM-000742-A1,SIM-000742,634,431,150
SIM-000743-A1,SIM-000743,1246,1178,150
SIM-000744-A1,SIM-000744,1583,1398,150
SIM-000745-A1,SIM-000745,663,753,150
SIM-000746-A1,SIM-000746,1037,1390,150
SIM-000746-A2,SIM-000746,1114,1041,150
SIM-000747-A1,SIM-000747,1174,746,150
SIM-000747-A2,SIM-000747,1236,654,150
SIM-000748-A1,SIM-000748,944,1472,150
SIM-000749-A1,SIM-000749,1228,466,150
SIM-000750-A1,SIM-000750,756,1056,150
SIM-000751-A1,SIM-000751,742,799,150
SIM-000752-A1,SIM-000752,1101,561,150
SIM-000752-A2,SIM-000752,992,490,150
SIM-000753-A1,SIM-000753,1048,565,150
SIM-000754-A1,SIM-000754,1070,697,150
SIM-000755-A1,SIM-000755,1449,1317,150
SIM-000756-A1,SIM-000756,1032,1134,150
SIM-000757-A1,SIM-000757,999,592,150
SIM-000758-A1,SIM-000758,1528,433,150
SIM-000758-A2,SIM-000758,1404,791,150
SIM-000759-A1,SIM-000759,710,486,150
SIM-000760-A1,SIM-000760,1305,755,150
SIM-000760-A2,SIM-000760,802,822,150
SIM-000761-A1,SIM-000761,1248,571,150
SIM-000762-A1,SIM-000762,1597,827,150
SIM-000762-A2,SIM-000762,759,872,150
SIM-000763-A1,SIM-000763,696,1490,150
SIM-000763-A2,SIM-000763,1286,1351,150
SIM-000764-A1,SIM-000764,1021,902,150
SIM-000765-A1,SIM-000765,1395,678,150
SIM-000766-A1,SIM-000766,914,1083,150
SIM-000767-A1,SIM-000767,1209,1425,150
SIM-000768-A1,SIM-000768,1506,593,150
SIM-000769-A1,SIM-000769,1440,477,150
SIM-000769-A2,SIM-000769,1038,823,150
SIM-000770-A1,SIM-000770,1374,1191,150
SIM-000771-A1,SIM-000771,612,1211,150
SIM-000772-A1,SIM-000772,1408,1491,150
SIM-000773-A1,SIM-000773,1105,1401,150
SIM-000774-A1,SIM-000774,744,1326,150
SIM-000775-A1,SIM-000775,1141,904,150
SIM-000776-A1,SIM-000776,1214,630,150
SIM-000777-A1,SIM-000777,1574,555,150
SIM-000778-A1,SIM-000778,1536,1297,150
SIM-000779-A1,SIM-000779,761,878,150
SIM-000780-A1,SIM-000780,869,879,150
SIM-000780-A2,SIM-000780,1264,865,150
SIM-000781-A1,SIM-000781,796,1115,150
SIM-000782-A1,SIM-000782,1439,1040,150
SIM-000783-A1,SIM-000783,737,1339,150
SIM-000784-A1,SIM-000784,653,1450,150
SIM-000785-A1,SIM-000785,1134,456,150
SIM-000786-A1,SIM-000786,846,533,150
SIM-000786-A2,SIM-000786,775,886,150
SIM-000787-A1,SIM-000787,905,1021,150
SIM-000788-A1,SIM-000788,1166,728,150
SIM-000789-A1,SIM-000789,757,992,150
SIM-000790-A1,SIM-000790,1056,1495,150
SIM-000791-A1,SIM-000791,612,866,150
SIM-000792-A1,SIM-000792,678,630,150
SIM-000793-A1,SIM-000793,1366,690,150
SIM-000794-A1,SIM-000794,1051,886,150
SIM-000795-A1,SIM-000795,1370,1267,150
SIM-000796-A1,SIM-000796,1383,475,150
SIM-000796-A2,SIM-000796,937,748,150
SIM-000797-A1,SIM-000797,791,404,150
SIM-000798-A1,SIM-000798,632,1117,150
SIM-000799-A1,SIM-000799,1534,806,150
SIM-000800-A1,SIM-000800,1084,1399,150
SIM-000801-A1,SIM-000801,1025,753,150
SIM-000802-A1,SIM-000802,1415,779,150
SIM-000802-A2,SIM-000802,689,645,150
SIM-000803-A1,SIM-000803,649,535,150
SIM-000804-A1,SIM-000804,948,808,150
SIM-000805-A1,SIM-000805,617,1024,150
SIM-000806-A1,SIM-000806,1310,1431,150
SIM-000807-A1,SIM-000807,1153,597,150
SIM-000807-A2,SIM-000807,1186,442,150
SIM-000808-A1,SIM-000808,688,1454,150
SIM-000809-A1,SIM-000809,1031,598,150
SIM-000810-A1,SIM-000810,1150,479,150
SIM-000810-A2,SIM-000810,1072,520,150
SIM-000811-A1,SIM-000811,1198,1023,150
SIM-000812-A1,SIM-000812,1351,1389,150
SIM-000813-A1,SIM-000813,799,1312,150
SIM-000814-A1,SIM-000814,1024,457,150
SIM-000815-A1,SIM-000815,703,1027,150
SIM-000816-A1,SIM-000816,926,496,150
SIM-000817-A1,SIM-000817,1422,1370,150
SIM-000818-A1,SIM-000818,1502,890,150
SIM-000819-A1,SIM-000819,601,751,150
SIM-000819-A2,SIM-000819,1581,812,150
SIM-000820-A1,SIM-000820,1241,1221,150
SIM-000821-A1,SIM-000821,718,840,150
SIM-000822-A1,SIM-000822,993,958,150
SIM-000823-A1,SIM-000823,1110,803,150
SIM-000824-A1,SIM-000824,991,1140,150
SIM-000825-A1,SIM-000825,1283,692,150
SIM-000826-A1,SIM-000826,777,1453,150
SIM-000827-A1,SIM-000827,1426,1438,150
SIM-000828-A1,SIM-000828,1021,1163,150
SIM-000829-A1,SIM-000829,696,1184,150
SIM-000830-A1,SIM-000830,1083,833,150
SIM-000831-A1,SIM-000831,1044,660,150
SIM-000832-A1,SIM-000832,755,1481,150
SIM-000833-A1,SIM-000833,643,698,150
SIM-000833-A2,SIM-000833,824,770,150
SIM-000834-A1,SIM-000834,629,437,150
SIM-000835-A1,SIM-000835,652,953,150
SIM-000836-A1,SIM-000836,1323,1098,150
SIM-000837-A1,SIM-000837,1344,860,150
SIM-000838-A1,SIM-000838,1099,673,150
SIM-000839-A1,SIM-000839,1345,1054,150
SIM-000840-A1,SIM-000840,1554,415,150
SIM-000840-A2,SIM-000840,1574,587,150
SIM-000841-A1,SIM-000841,738,914,150
SIM-000842-A1,SIM-000842,1286,1184,150
SIM-000843-A1,SIM-000843,1425,1098,150
SIM-000844-A1,SIM-000844,1159,570,150
SIM-000844-A2,SIM-000844,1255,657,150
SIM-000845-A1,SIM-000845,612,1140,150
SIM-000846-A1,SIM-000846,879,1422,150
SIM-000847-A1,SIM-000847,1349,610,150
SIM-000847-A2,SIM-000847,1014,646,150
SIM-000848-A1,SIM-000848,873,634,150
SIM-000849-A1,SIM-000849,890,738,150
SIM-000850-A1,SIM-000850,645,897,150
SIM-000850-A2,SIM-000850,712,874,150
SIM-000851-A1,SIM-000851,952,494,150
SIM-000852-A1,SIM-000852,1042,865,150
SIM-000853-A1,SIM-000853,633,799,150
SIM-000854-A1,SIM-000854,1261,1386,150
SIM-000855-A1,SIM-000855,634,770,150
SIM-000856-A1,SIM-000856,867,573,150
SIM-000857-A1,SIM-000857,776,1080,150
SIM-000858-A1,SIM-000858,1160,934,150
SIM-000859-A1,SIM-000859,633,603,150
SIM-000860-A1,SIM-000860,650,1441,150
SIM-000861-A1,SIM-000861,1138,929,150
SIM-000862-A1,SIM-000862,1167,1464,150
SIM-000862-A2,SIM-000862,1580,1386,150
SIM-000863-A1,SIM-000863,1482,616,150
SIM-000864-A1,SIM-000864,1532,451,150
SIM-000865-A1,SIM-000865,1081,1138,150
SIM-000866-A1,SIM-000866,769,405,150
SIM-000866-A2,SIM-000866,1058,871,150
SIM-000867-A1,SIM-000867,860,597,150
SIM-000868-A1,SIM-000868,1368,1104,150
SIM-000869-A1,SIM-000869,1423,1209,150
SIM-000870-A1,SIM-000870,1373,1177,150
SIM-000871-A1,SIM-000871,683,775,150
SIM-000871-A2,SIM-000871,1412,483,150
SIM-000872-A1,SIM-000872,1366,1428,150
SIM-000872-A2,SIM-000872,1268,1289,150
SIM-000873-A1,SIM-000873,1113,1208,150
SIM-000874-A1,SIM-000874,877,988,150
SIM-000875-A1,SIM-000875,1377,948,150
SIM-000876-A1,SIM-000876,970,1003,150
SIM-000877-A1,SIM-000877,1001,575,150
SIM-000878-A1,SIM-000878,1301,1127,150
SIM-000879-A1,SIM-000879,914,1472,150
SIM-000879-A2,SIM-000879,1016,1015,150
SIM-000880-A1,SIM-000880,795,433,150
SIM-000881-A1,SIM-000881,1373,873,150
SIM-000882-A1,SIM-000882,772,870,150
SIM-000883-A1,SIM-000883,979,751,150
SIM-000883-A2,SIM-000883,659,713,150
SIM-000884-A1,SIM-000884,1056,1345,150
SIM-000885-A1,SIM-000885,1018,666,150
SIM-000886-A1,SIM-000886,729,700,150
SIM-000887-A1,SIM-000887,946,1154,150
SIM-000888-A1,SIM-000888,1591,1375,150
SIM-000889-A1,SIM-000889,1089,1220,150
SIM-000890-A1,SIM-000890,1304,757,150
SIM-000890-A2,SIM-000890,1110,799,150
SIM-000891-A1,SIM-000891,950,510,150
SIM-000892-A1,SIM-000892,1406,416,150
SIM-000893-A1,SIM-000893,1111,1068,150
SIM-000894-A1,SIM-000894,1118,602,150
SIM-000895-A1,SIM-000895,852,417,150
SIM-000896-A1,SIM-000896,837,1303,150
SIM-000897-A1,SIM-000897,788,1131,150
SIM-000898-A1,SIM-000898,1188,533,150
SIM-000899-A1,SIM-000899,844,671,150
SIM-000900-A1,SIM-000900,1545,1077,150
SIM-000901-A1,SIM-000901,1024,816,150
SIM-000902-A1,SIM-000902,1471,724,150
SIM-000902-A2,SIM-000902,873,725,150
SIM-000903-A1,SIM-000903,702,620,150
SIM-000904-A1,SIM-000904,1184,1088,150
SIM-000905-A1,SIM-000905,1013,1159,150
SIM-000906-A1,SIM-000906,665,476,150
SIM-000907-A1,SIM-000907,1358,462,150
SIM-000908-A1,SIM-000908,624,569,150
SIM-000909-A1,SIM-000909,693,858,150
SIM-000910-A1,SIM-000910,627,537,150
SIM-000910-A2,SIM-000910,615,663,150
SIM-000911-A1,SIM-000911,935,474,150
SIM-000911-A2,SIM-000911,1373,621,150
SIM-000912-A1,SIM-000912,767,501,150
SIM-000913-A1,SIM-000913,1276,1337,150
SIM-000914-A1,SIM-000914,943,1419,150
SIM-000915-A1,SIM-000915,1600,680,150
SIM-000915-A2,SIM-000915,701,626,150
SIM-000916-A1,SIM-000916,1410,1405,150
SIM-000916-A2,SIM-000916,1047,1322,150
SIM-000917-A1,SIM-000917,862,803,150
SIM-000918-A1,SIM-000918,790,521,150
SIM-000919-A1,SIM-000919,1421,610,150
SIM-000920-A1,SIM-000920,1358,401,150
SIM-000921-A1,SIM-000921,645,1408,150
SIM-000922-A1,SIM-000922,1317,1100,150
SIM-000923-A1,SIM-000923,719,464,150
SIM-000924-A1,SIM-000924,765,1348,150
SIM-000925-A1,SIM-000925,833,731,150
SIM-000926-A1,SIM-000926,1145,1079,150
SIM-000927-A1,SIM-000927,1098,1426,150
SIM-000928-A1,SIM-000928,957,525,150
SIM-000929-A1,SIM-000929,984,1126,150
SIM-000930-A1,SIM-000930,803,698,150
SIM-000931-A1,SIM-000931,998,962,150
SIM-000932-A1,SIM-000932,935,1240,150
SIM-000933-A1,SIM-000933,1208,536,150
SIM-000934-A1,SIM-000934,1399,401,150
SIM-000935-A1,SIM-000935,1409,1093,150
SIM-000936-A1,SIM-000936,1493,1473,150
SIM-000937-A1,SIM-000937,1291,1350,150
SIM-000938-A1,SIM-000938,910,464,150
SIM-000939-A1,SIM-000939,1267,1444,150
SIM-000940-A1,SIM-000940,844,812,150
SIM-000940-A2,SIM-000940,667,651,150
SIM-000941-A1,SIM-000941,860,1102,150
SIM-000941-A2,SIM-000941,907,1424,150
SIM-000942-A1,SIM-000942,638,1183,150
SIM-000943-A1,SIM-000943,1548,998,150
SIM-000944-A1,SIM-000944,1318,633,150
SIM-000944-A2,SIM-000944,829,769,150
SIM-000945-A1,SIM-000945,726,1074,150
SIM-000946-A1,SIM-000946,693,1493,150
SIM-000947-A1,SIM-000947,883,1156,150
SIM-000948-A1,SIM-000948,727,407,150
SIM-000949-A1,SIM-000949,1066,1006,150
SIM-000949-A2,SIM-000949,1310,1448,150
SIM-000950-A1,SIM-000950,987,469,150
SIM-000951-A1,SIM-000951,1351,995,150
SIM-000952-A1,SIM-000952,693,1353,150
SIM-000952-A2,SIM-000952,1044,1277,150
SIM-000953-A1,SIM-000953,1028,565,150
SIM-000954-A1,SIM-000954,816,404,150
SIM-000955-A1,SIM-000955,1279,501,150
SIM-000956-A1,SIM-000956,860,917,150
SIM-000957-A1,SIM-000957,1232,1380,150
SIM-000958-A1,SIM-000958,833,449,150
SIM-000958-A2,SIM-000958,790,841,150
SIM-000959-A1,SIM-000959,648,963,150
SIM-000960-A1,SIM-000960,1430,716,150
SIM-000961-A1,SIM-000961,1359,1439,150
SIM-000962-A1,SIM-000962,1163,531,150
SIM-000963-A1,SIM-000963,1032,628,150
SIM-000963-A2,SIM-000963,810,734,150
SIM-000964-A1,SIM-000964,784,980,150
SIM-000965-A1,SIM-000965,1280,1029,150
SIM-000966-A1,SIM-000966,1114,764,150
SIM-000967-A1,SIM-000967,741,738,150
SIM-000968-A1,SIM-000968,1183,1161,150
SIM-000969-A1,SIM-000969,1312,755,150
SIM-000969-A2,SIM-000969,1554,694,150
SIM-000970-A1,SIM-000970,1597,944,150
SIM-000971-A1,SIM-000971,1360,1412,150
SIM-000972-A1,SIM-000972,778,480,150
SIM-000973-A1,SIM-000973,1208,771,150
SIM-000973-A2,SIM-000973,729,666,150
SIM-000974-A1,SIM-000974,936,898,150
SIM-000975-A1,SIM-000975,813,505,150
SIM-000975-A2,SIM-000975,1065,794,150
SIM-000976-A1,SIM-000976,1456,1322,150
SIM-000977-A1,SIM-000977,1578,672,150
SIM-000977-A2,SIM-000977,606,628,150
SIM-000978-A1,SIM-000978,621,552,150
SIM-000978-A2,SIM-000978,1383,422,150
SIM-000979-A1,SIM-000979,1327,1009,150
SIM-000980-A1,SIM-000980,1091,1340,150
SIM-000981-A1,SIM-000981,1229,1410,150
SIM-000982-A1,SIM-000982,1486,1176,150
SIM-000983-A1,SIM-000983,987,1206,150
SIM-000984-A1,SIM-000984,807,1428,150
SIM-000985-A1,SIM-000985,783,462,150
SIM-000986-A1,SIM-000986,1287,977,150
SIM-000987-A1,SIM-000987,1156,515,150
SIM-000988-A1,SIM-000988,1222,1249,150
SIM-000989-A1,SIM-000989,1230,496,150
SIM-000989-A2,SIM-000989,1296,734,150
SIM-000990-A1,SIM-000990,844,1234,150
SIM-000991-A1,SIM-000991,706,779,150
SIM-000991-A2,SIM-000991,1520,704,150
SIM-000992-A1,SIM-000992,1325,598,150
SIM-000993-A1,SIM-000993,1221,1388,150
SIM-000994-A1,SIM-000994,1228,771,150
SIM-000994-A2,SIM-000994,1361,419,150
SIM-000995-A1,SIM-000995,899,612,150
SIM-000996-A1,SIM-000996,1512,818,150
SIM-000997-A1,SIM-000997,1281,707,150
SIM-000998-A1,SIM-000998,1322,554,150
SIM-000999-A1,SIM-000999,1390,850,150
SIM-001000-A1,SIM-001000,1351,555,150
SIM-001001-A1,SIM-001001,1228,486,150
SIM-001001-A2,SIM-001001,1379,805,150
SIM-001002-A1,SIM-001002,790,618,150
SIM-001003-A1,SIM-001003,787,1083,150
SIM-001004-A1,SIM-001004,1302,587,150
SIM-001004-A2,SIM-001004,1008,690,150
SIM-001005-A1,SIM-001005,1279,693,150
SIM-001005-A2,SIM-001005,1178,803,150
SIM-001006-A1,SIM-001006,1355,744,150
SIM-001007-A1,SIM-001007,1411,619,150
SIM-001008-A1,SIM-001008,1363,774,150
SIM-001009-A1,SIM-001009,1546,737,150
SIM-001010-A1,SIM-001010,1438,963,150
SIM-001011-A1,SIM-001011,644,653,150
SIM-001011-A2,SIM-001011,1376,788,150
SIM-001012-A1,SIM-001012,956,524,150
SIM-001013-A1,SIM-001013,1578,1075,150
SIM-001014-A1,SIM-001014,1565,844,150
SIM-001015-A1,SIM-001015,628,1305,150
SIM-001016-A1,SIM-001016,1070,634,150
SIM-001017-A1,SIM-001017,1083,935,150
SIM-001018-A1,SIM-001018,1213,891,150
SIM-001019-A1,SIM-001019,907,801,150
SIM-001019-A2,SIM-001019,625,458,150
SIM-001020-A1,SIM-001020,1494,760,150
SIM-001020-A2,SIM-001020,603,453,150
SIM-001021-A1,SIM-001021,1036,755,150
SIM-001022-A1,SIM-001022,1450,744,150
SIM-001023-A1,SIM-001023,1281,1407,150
SIM-001024-A1,SIM-001024,1362,748,150
SIM-001025-A1,SIM-001025,756,1309,150
SIM-001026-A1,SIM-001026,1421,720,150
SIM-001026-A2,SIM-001026,1226,731,150
SIM-001027-A1,SIM-001027,975,1445,150
SIM-001028-A1,SIM-001028,1278,939,150
SIM-001029-A1,SIM-001029,1512,1435,150
SIM-001030-A1,SIM-001030,1493,1180,150
SIM-001031-A1,SIM-001031,943,420,150
SIM-001031-A2,SIM-001031,1591,700,150
SIM-001032-A1,SIM-001032,1198,1106,150
SIM-001032-A2,SIM-001032,1282,961,150
SIM-001033-A1,SIM-001033,1484,1476,150
SIM-001034-A1,SIM-001034,1484,1431,150
SIM-001035-A1,SIM-001035,1477,565,150
SIM-001036-A1,SIM-001036,1099,526,150
SIM-001037-A1,SIM-001037,1113,767,150
SIM-001038-A1,SIM-001038,1120,685,150
SIM-001039-A1,SIM-001039,757,825,150
SIM-001040-A1,SIM-001040,1079,1443,150
SIM-001041-A1,SIM-001041,1109,1104,150
SIM-001042-A1,SIM-001042,1239,1168,150
SIM-001043-A1,SIM-001043,780,1434,150
SIM-001044-A1,SIM-001044,1017,814,150
SIM-001045-A1,SIM-001045,1351,981,150
SIM-001046-A1,SIM-001046,821,1084,150
SIM-001047-A1,SIM-001047,1561,628,150
SIM-001048-A1,SIM-001048,836,1494,150
SIM-001049-A1,SIM-001049,746,561,150
SIM-001050-A1,SIM-001050,1494,527,150
SIM-001050-A2,SIM-001050,1156,558,150
SIM-001051-A1,SIM-001051,952,793,150
SIM-001052-A1,SIM-001052,847,1233,150
SIM-001053-A1,SIM-001053,1211,865,150
SIM-001054-A1,SIM-001054,691,692,150
SIM-001055-A1,SIM-001055,1217,968,150
SIM-001056-A1,SIM-001056,1420,792,150
SIM-001056-A2,SIM-001056,1167,468,150
SIM-001057-A1,SIM-001057,714,531,150
SIM-001058-A1,SIM-001058,992,921,150
SIM-001059-A1,SIM-001059,1322,1088,150
SIM-001060-A1,SIM-001060,1180,723,150
SIM-001061-A1,SIM-001061,1557,1392,150
SIM-001062-A1,SIM-001062,1001,448,150
SIM-001063-A1,SIM-001063,1531,520,150
SIM-001064-A1,SIM-001064,967,996,150
SIM-001065-A1,SIM-001065,1321,1216,150
SIM-001066-A1,SIM-001066,1440,1277,150
SIM-001067-A1,SIM-001067,1090,1246,150
SIM-001068-A1,SIM-001068,1011,583,150
SIM-001069-A1,SIM-001069,1409,903,150
SIM-001069-A2,SIM-001069,799,1137,150
SIM-001070-A1,SIM-001070,1078,496,150
SIM-001070-A2,SIM-001070,1214,542,150
SIM-001071-A1,SIM-001071,1318,1088,150
SIM-001072-A1,SIM-001072,1124,1216,150
SIM-001073-A1,SIM-001073,924,960,150
SIM-001074-A1,SIM-001074,1519,425,150
SIM-001075-A1,SIM-001075,805,1476,150
SIM-001076-A1,SIM-001076,707,1420,150
SIM-001076-A2,SIM-001076,1572,1337,150
SIM-001077-A1,SIM-001077,1381,682,150
SIM-001078-A1,SIM-001078,1191,1087,150
SIM-001079-A1,SIM-001079,949,613,150
SIM-001080-A1,SIM-001080,691,535,150
SIM-001081-A1,SIM-001081,1395,1123,150
SIM-001081-A2,SIM-001081,1003,1309,150
SIM-001082-A1,SIM-001082,1253,1500,150
SIM-001083-A1,SIM-001083,877,635,150
SIM-001084-A1,SIM-001084,1381,606,150
SIM-001084-A2,SIM-001084,1322,874,150
SIM-001085-A1,SIM-001085,1023,1394,150
SIM-001086-A1,SIM-001086,1172,1027,150
SIM-001087-A1,SIM-001087,1073,1438,150
SIM-001088-A1,SIM-001088,845,915,150
SIM-001089-A1,SIM-001089,1321,686,150
SIM-001090-A1,SIM-001090,1270,1136,150
SIM-001091-A1,SIM-001091,1284,417,150
SIM-001091-A2,SIM-001091,623,427,150
SIM-001092-A1,SIM-001092,1429,602,150
SIM-001093-A1,SIM-001093,1406,1183,150
SIM-001093-A2,SIM-001093,1317,1234,150
SIM-001094-A1,SIM-001094,1327,588,150
SIM-001094-A2,SIM-001094,1352,747,150
SIM-001095-A1,SIM-001095,1292,1075,150
SIM-001096-A1,SIM-001096,681,814,150
SIM-001096-A2,SIM-001096,875,658,150
SIM-001097-A1,SIM-001097,817,1316,150
SIM-001098-A1,SIM-001098,1356,864,150
SIM-001098-A2,SIM-001098,1365,797,150
SIM-001099-A1,SIM-001099,716,503,150
SIM-001100-A1,SIM-001100,964,597,150
SIM-001101-A1,SIM-001101,760,563,150
SIM-001102-A1,SIM-001102,1078,1360,150
SIM-001102-A2,SIM-001102,1038,1424,150
SIM-001103-A1,SIM-001103,1394,776,150
SIM-001103-A2,SIM-001103,773,447,150
SIM-001104-A1,SIM-001104,688,1396,150
SIM-001105-A1,SIM-001105,1153,1005,150
SIM-001106-A1,SIM-001106,930,918,150
SIM-001106-A2,SIM-001106,1452,1219,150
SIM-001107-A1,SIM-001107,1409,1028,150
SIM-001107-A2,SIM-001107,882,1421,150
SIM-001108-A1,SIM-001108,1047,672,150
SIM-001109-A1,SIM-001109,939,641,150
SIM-001110-A1,SIM-001110,835,1262,150
SIM-001111-A1,SIM-001111,1039,1138,150
SIM-001112-A1,SIM-001112,1114,1366,150
SIM-001113-A1,SIM-001113,1104,642,150
SIM-001114-A1,SIM-001114,1370,655,150
SIM-001114-A2,SIM-001114,945,825,150
SIM-001115-A1,SIM-001115,658,499,150
SIM-001115-A2,SIM-001115,1330,474,150
SIM-001116-A1,SIM-001116,1495,617,150
SIM-001116-A2,SIM-001116,723,608,150
SIM-001117-A1,SIM-001117,1040,1411,150
SIM-001118-A1,SIM-001118,802,1002,150
SIM-001118-A2,SIM-001118,1058,1274,150
SIM-001119-A1,SIM-001119,1067,1356,150
SIM-001120-A1,SIM-001120,1253,674,150
SIM-001121-A1,SIM-001121,1138,959,150
SIM-001122-A1,SIM-001122,635,1325,150
SIM-001123-A1,SIM-001123,653,946,150
SIM-001124-A1,SIM-001124,1061,807,150
SIM-001125-A1,SIM-001125,760,776,150
SIM-001126-A1,SIM-001126,1468,1132,150
SIM-001127-A1,SIM-001127,603,486,150
SIM-001127-A2,SIM-001127,777,702,150
SIM-001128-A1,SIM-001128,1041,1225,150
SIM-001129-A1,SIM-001129,1556,601,150
SIM-001130-A1,SIM-001130,1361,689,150
SIM-001130-A2,SIM-001130,1449,685,150
SIM-001131-A1,SIM-001131,873,766,150
SIM-001132-A1,SIM-001132,1457,1134,150
SIM-001133-A1,SIM-001133,1465,1134,150
SIM-001134-A1,SIM-001134,894,407,150
SIM-001135-A1,SIM-001135,683,596,150
SIM-001135-A2,SIM-001135,1491,773,150
SIM-001136-A1,SIM-001136,1077,1328,150
SIM-001137-A1,SIM-001137,707,1119,150
SIM-001138-A1,SIM-001138,1513,1418,150
SIM-001139-A1,SIM-001139,616,1087,150
SIM-001140-A1,SIM-001140,1354,999,150
SIM-001141-A1,SIM-001141,1036,651,150
SIM-001141-A2,SIM-001141,616,497,150
SIM-001142-A1,SIM-001142,1037,1166,150
SIM-001143-A1,SIM-001143,1248,762,150
SIM-001144-A1,SIM-001144,1515,1497,150
SIM-001145-A1,SIM-001145,1447,638,150
SIM-001146-A1,SIM-001146,1254,1006,150
SIM-001146-A2,SIM-001146,621,1114,150
SIM-001147-A1,SIM-001147,669,1404,150
SIM-001148-A1,SIM-001148,988,1018,150
SIM-001149-A1,SIM-001149,928,1302,150
SIM-001150-A1,SIM-001150,737,1415,150
SIM-001151-A1,SIM-001151,882,1051,150
SIM-001152-A1,SIM-001152,1148,1098,150
SIM-001153-A1,SIM-001153,654,1305,150
SIM-001154-A1,SIM-001154,1342,889,150
SIM-001155-A1,SIM-001155,854,1449,150
SIM-001155-A2,SIM-001155,869,1240,150
SIM-001156-A1,SIM-001156,646,898,150
SIM-001157-A1,SIM-001157,1025,792,150
SIM-001158-A1,SIM-001158,1571,440,150
SIM-001159-A1,SIM-001159,1476,647,150
SIM-001160-A1,SIM-001160,761,1276,150
SIM-001161-A1,SIM-001161,715,956,150
SIM-001162-A1,SIM-001162,728,1120,150
SIM-001163-A1,SIM-001163,1334,934,150
SIM-001164-A1,SIM-001164,1326,904,150
SIM-001165-A1,SIM-001165,1391,1037,150
SIM-001166-A1,SIM-001166,1230,984,150
SIM-001167-A1,SIM-001167,1219,530,150
SIM-001167-A2,SIM-001167,1305,444,150
SIM-001168-A1,SIM-001168,1054,813,150
SIM-001169-A1,SIM-001169,1353,907,150
SIM-001170-A1,SIM-001170,728,954,150
SIM-001171-A1,SIM-001171,1117,1156,150
SIM-001172-A1,SIM-001172,1469,1195,150
SIM-001173-A1,SIM-001173,618,705,150
SIM-001174-A1,SIM-001174,1290,850,150
SIM-001175-A1,SIM-001175,804,1131,150
SIM-001175-A2,SIM-001175,1525,1125,150
SIM-001176-A1,SIM-001176,942,495,150
SIM-001177-A1,SIM-001177,1039,1055,150
SIM-001177-A2,SIM-001177,1532,1440,150
SIM-001178-A1,SIM-001178,647,1474,150
SIM-001179-A1,SIM-001179,767,679,150
SIM-001180-A1,SIM-001180,1219,557,150
SIM-001180-A2,SIM-001180,667,742,150
SIM-001181-A1,SIM-001181,659,686,150
SIM-001182-A1,SIM-001182,1202,918,150
SIM-001183-A1,SIM-001183,1145,1154,150
SIM-001184-A1,SIM-001184,1570,552,150
SIM-001185-A1,SIM-001185,1269,502,150
SIM-001186-A1,SIM-001186,973,1208,150
SIM-001187-A1,SIM-001187,850,1153,150
SIM-001188-A1,SIM-001188,974,961,150
SIM-001189-A1,SIM-001189,745,1086,150
SIM-001190-A1,SIM-001190,1521,584,150
SIM-001190-A2,SIM-001190,1511,731,150
SIM-001191-A1,SIM-001191,674,794,150
SIM-001191-A2,SIM-001191,934,516,150
SIM-001192-A1,SIM-001192,1235,1473,150
SIM-001193-A1,SIM-001193,1284,972,150
SIM-001194-A1,SIM-001194,707,722,150
SIM-001195-A1,SIM-001195,822,948,150
SIM-001196-A1,SIM-001196,1486,661,150
SIM-001197-A1,SIM-001197,616,615,150
SIM-001198-A1,SIM-001198,1257,829,150
SIM-001199-A1,SIM-001199,1063,484,150
