case_id,route,failure_mode,outcome
SIM-000000,pilot,housing,scrapped
SIM-000001,pilot,housing,sellable
SIM-000002,pilot,display,sellable
SIM-000003,standard,power,sellable
SIM-000004,standard,housing,sellable
SIM-000005,pilot,display,sellable
SIM-000006,standard,housing,sellable
SIM-000007,pilot,power,sellable
SIM-000008,pilot,display,sellable
SIM-000009,standard,power,sellable
SIM-000010,standard,display,sellable
SIM-000011,pilot,power,sellable
SIM-000012,standard,display,sellable
SIM-000013,standard,power,sellable
SIM-000014,standard,display,sellable
SIM-000015,standard,power,sellable
SIM-000016,standard,power,scrapped
SIM-000017,standard,power,sellable
SIM-000018,standard,display,sellable
SIM-000019,pilot,display,sellable
SIM-000020,standard,power,sellable
SIM-000021,pilot,power,sellable
SIM-000022,pilot,display,sellable
SIM-000023,pilot,display,sellable
SIM-000024,pilot,housing,sellable
SIM-000025,standard,power,sellable
SIM-000026,pilot,display,sellable
SIM-000027,standard,housing,sellable
SIM-000028,pilot,power,sellable
SIM-000029,pilot,housing,sellable
SIM-000030,pilot,display,sellable
SIM-000031,standard,housing,sellable
SIM-000032,standard,housing,scrapped
SIM-000033,standard,power,sellable
SIM-000034,standard,housing,sellable
SIM-000035,pilot,display,sellable
SIM-000036,standard,housing,sellable
SIM-000037,pilot,power,sellable
SIM-000038,pilot,display,sellable
SIM-000039,pilot,power,sellable
SIM-000040,standard,display,sellable
SIM-000041,standard,housing,sellable
SIM-000042,pilot,display,sellable
SIM-000043,standard,display,sellable
SIM-000044,pilot,power,sellable
SIM-000045,standard,housing,sellable
SIM-000046,pilot,power,sellable
SIM-000047,pilot,housing,sellable
SIM-000048,pilot,display,sellable
SIM-000049,standard,display,sellable
SIM-000050,standard,power,sellable
SIM-000051,pilot,display,sellable
SIM-000052,standard,housing,sellable
SIM-000053,pilot,display,sellable
SIM-000054,standard,display,sellable
SIM-000055,standard,housing,sellable
SIM-000056,standard,display,sellable
SIM-000057,pilot,display,sellable
SIM-000058,standard,display,sellable
SIM-000059,pilot,display,sellable
SIM-000060,standard,display,sellable
SIM-000061,pilot,power,sellable
SIM-000062,standard,display,sellable
SIM-000063,pilot,power,sellable
SIM-000064,pilot,housing,sellable
SIM-000065,standard,housing,sellable
SIM-000066,standard,housing,sellable
SIM-000067,standard,power,sellable
SIM-000068,pilot,display,scrapped
SIM-000069,standard,housing,sellable
SIM-000070,pilot,power,sellable
SIM-000071,standard,display,scrapped
SIM-000072,pilot,display,sellable
SIM-000073,pilot,power,sellable
SIM-000074,pilot,housing,scrapped
SIM-000075,standard,display,sellable
SIM-000076,standard,housing,sellable
SIM-000077,standard,housing,sellable
SIM-000078,pilot,power,sellable
SIM-000079,pilot,housing,sellable
SIM-000080,standard,housing,sellable
SIM-000081,pilot,housing,sellable
SIM-000082,standard,power,sellable
SIM-000083,pilot,display,sellable
SIM-000084,pilot,power,sellable
SIM-000085,standard,housing,sellable
SIM-000086,pilot,power,sellable
SIM-000087,pilot,power,sellable
SIM-000088,pilot,display,sellable
SIM-000089,standard,housing,sellable
SIM-000090,pilot,power,sellable
SIM-000091,standard,power,sellable
SIM-000092,standard,display,scrapped
SIM-000093,standard,display,sellable
SIM-000094,pilot,power,sellable
SIM-000095,pilot,display,sellable
SIM-000096,standard,power,sellable
SIM-000097,standard,display,sellable
SIM-000098,standard,housing,sellable
SIM-000099,pilot,display,sellable
SIM-000100,standard,power,sellable
SIM-000101,standard,display,sellable
SIM-000102,standard,housing,sellable
SIM-000103,standard,display,sellable
SIM-000104,standard,power,sellable
SIM-000105,pilot,display,sellable
SIM-000106,pilot,housing,sellable
SIM-000107,pilot,housing,scrapped
SIM-000108,pilot,power,sellable
SIM-000109,pilot,power,sellable
SIM-000110,pilot,power,sellable
SIM-000111,standard,housing,sellable
SIM-000112,standard,housing,sellable
SIM-000113,standard,display,scrapped
SIM-000114,standard,display,sellable
SIM-000115,standard,power,sellable
SIM-000116,pilot,display,sellable
SIM-000117,pilot,power,sellable
SIM-000118,pilot,housing,scrapped
SIM-000119,pilot,housing,sellable
SIM-000120,standard,housing,sellable
SIM-000121,standard,power,sellable
SIM-000122,standard,display,sellable
SIM-000123,pilot,display,sellable
SIM-000124,pilot,display,scrapped
SIM-000125,standard,display,sellable
SIM-000126,pilot,display,sellable
SIM-000127,pilot,power,sellable
SIM-000128,pilot,display,sellable
SIM-000129,pilot,housing,sellable
SIM-000130,pilot,display,sellable
SIM-000131,pilot,power,sellable
SIM-000132,standard,housing,sellable
SIM-000133,standard,housing,sellable
SIM-000134,standard,housing,sellable
SIM-000135,pilot,housing,scrapped
SIM-000136,pilot,display,sellable
SIM-000137,standard,power,sellable
SIM-000138,standard,power,sellable
SIM-000139,standard,display,sellable
SIM-000140,pilot,display,sellable
SIM-000141,standard,power,sellable
SIM-000142,standard,display,sellable
SIM-000143,standard,power,sellable
SIM-000144,pilot,power,sellable
SIM-000145,standard,power,scrapped
SIM-000146,pilot,power,sellable
SIM-000147,pilot,power,sellable
SIM-000148,standard,power,sellable
SIM-000149,standard,power,sellable
SIM-000150,standard,housing,sellable
SIM-000151,pilot,housing,sellable
SIM-000152,standard,display,sellable
SIM-000153,standard,power,sellable
SIM-000154,pilot,display,sellable
SIM-000155,standard,power,sellable
SIM-000156,standard,display,sellable
SIM-000157,standard,display,sellable
SIM-000158,standard,power,sellable
SIM-000159,pilot,power,sellable
SIM-000160,standard,housing,sellable
SIM-000161,pilot,power,sellable
SIM-000162,standard,housing,sellable
SIM-000163,standard,display,sellable
SIM-000164,pilot,power,sellable
SIM-000165,pilot,display,sellable
SIM-000166,standard,display,scrapped
SIM-000167,standard,housing,sellable
SIM-000168,pilot,power,sellable
SIM-000169,pilot,display,sellable
SIM-000170,pilot,display,sellable
SIM-000171,pilot,housing,sellable
SIM-000172,standard,power,sellable
SIM-000173,pilot,power,sellable
SIM-000174,standard,housing,sellable
SIM-000175,pilot,housing,sellable
SIM-000176,pilot,display,sellable
SIM-000177,pilot,power,sellable
SIM-000178,standard,housing,sellable
SIM-000179,standard,display,sellable
SIM-000180,pilot,display,sellable
SIM-000181,pilot,power,sellable
SIM-000182,standard,housing,sellable
SIM-000183,standard,housing,sellable
SIM-000184,standard,power,sellable
SIM-000185,pilot,housing,sellable
SIM-000186,pilot,power,sellable
SIM-000187,pilot,housing,scrapped
SIM-000188,standard,display,sellable
SIM-000189,standard,power,sellable
SIM-000190,pilot,power,sellable
SIM-000191,standard,display,sellable
SIM-000192,standard,power,sellable
SIM-000193,standard,display,sellable
SIM-000194,pilot,power,sellable
SIM-000195,standard,power,sellable
SIM-000196,standard,display,sellable
SIM-000197,pilot,power,sellable
SIM-000198,pilot,display,sellable
SIM-000199,pilot,housing,sellable
SIM-000200,pilot,display,scrapped
SIM-000201,pilot,housing,scrapped
SIM-000202,pilot,power,sellable
SIM-000203,standard,housing,sellable
SIM-000204,standard,housing,sellable
SIM-000205,pilot,power,sellable
SIM-000206,pilot,display,scrapped
SIM-000207,pilot,display,sellable
SIM-000208,standard,display,sellable
SIM-000209,standard,power,sellable
SIM-000210,standard,housing,sellable
SIM-000211,standard,power,sellable
SIM-000212,pilot,power,sellable
SIM-000213,pilot,display,sellable
SIM-000214,standard,power,sellable
SIM-000215,pilot,display,sellable
SIM-000216,pilot,housing,sellable
SIM-000217,standard,power,sellable
SIM-000218,pilot,power,sellable
SIM-000219,standard,display,sellable
SIM-000220,standard,housing,sellable
SIM-000221,standard,power,sellable
SIM-000222,standard,power,sellable
SIM-000223,pilot,housing,scrapped
SIM-000224,pilot,power,scrapped
SIM-000225,standard,housing,sellable
SIM-000226,pilot,power,sellable
SIM-000227,standard,housing,sellable
SIM-000228,pilot,power,sellable
SIM-000229,standard,housing,sellable
SIM-000230,pilot,housing,sellable
SIM-000231,pilot,power,sellable
SIM-000232,pilot,housing,scrapped
SIM-000233,pilot,power,sellable
SIM-000234,pilot,display,sellable
SIM-000235,standard,power,sellable
SIM-000236,pilot,display,sellable
SIM-000237,pilot,display,sellable
SIM-000238,standard,power,sellable
SIM-000239,pilot,display,sellable
SIM-000240,pilot,power,sellable
SIM-000241,pilot,housing,sellable
SIM-000242,standard,display,sellable
SIM-000243,standard,power,sellable
SIM-000244,standard,display,sellable
SIM-000245,pilot,housing,sellable
SIM-000246,standard,housing,sellable
SIM-000247,standard,housing,sellable
SIM-000248,standard,power,sellable
SIM-000249,standard,housing,sellable
SIM-000250,pilot,display,sellable
SIM-000251,pilot,power,sellable
SIM-000252,standard,housing,sellable
SIM-000253,standard,power,sellable
SIM-000254,pilot,housing,scrapped
SIM-000255,standard,display,sellable
SIM-000256,pilot,power,sellable
SIM-000257,pilot,display,sellable
SIM-000258,pilot,housing,sellable
SIM-000259,standard,display,sellable
SIM-000260,standard,display,sellable
SIM-000261,pilot,display,sellable
SIM-000262,pilot,power,sellable
SIM-000263,pilot,display,sellable
SIM-000264,pilot,housing,sellable
SIM-000265,standard,housing,sellable
SIM-000266,standard,housing,sellable
SIM-000267,pilot,housing,sellable
SIM-000268,pilot,housing,sellable
SIM-000269,standard,housing,sellable
SIM-000270,standard,housing,sellable
SIM-000271,standard,housing,sellable
SIM-000272,standard,housing,scrapped
SIM-000273,standard,housing,sellable
SIM-000274,standard,display,sellable
SIM-000275,standard,display,sellable
SIM-000276,pilot,power,sellable
SIM-000277,pilot,housing,sellable
SIM-000278,standard,housing,sellable
SIM-000279,standard,housing,sellable
SIM-000280,standard,housing,sellable
SIM-000281,pilot,power,sellable
SIM-000282,standard,power,sellable
SIM-000283,standard,power,sellable
SIM-000284,standard,housing,sellable
SIM-000285,standard,housing,sellable
SIM-000286,standard,housing,sellable
SIM-000287,standard,housing,sellable
SIM-000288,standard,display,sellable
SIM-000289,standard,housing,sellable
SIM-000290,pilot,housing,sellable
SIM-000291,pilot,housing,scrapped
SIM-000292,standard,housing,sellable
SIM-000293,pilot,display,sellable
SIM-000294,pilot,display,sellable
SIM-000295,standard,display,sellable
SIM-000296,standard,housing,sellable
SIM-000297,pilot,housing,sellable
SIM-000298,pilot,power,sellable
SIM-000299,pilot,display,sellable
SIM-000300,standard,housing,sellable
SIM-000301,pilot,power,sellable
SIM-000302,standard,display,sellable
SIM-000303,pilot,display,scrapped
SIM-000304,standard,display,sellable
SIM-000305,standard,power,sellable
SIM-000306,standard,display,sellable
SIM-000307,pilot,display,sellable
SIM-000308,standard,power,sellable
SIM-000309,pilot,display,sellable
SIM-000310,standard,power,sellable
SIM-000311,standard,power,sellable
SIM-000312,standard,power,sellable
SIM-000313,standard,housing,sellable
SIM-000314,standard,power,sellable
SIM-000315,standard,housing,sellable
SIM-000316,pilot,power,sellable
SIM-000317,standard,power,sellable
SIM-000318,standard,display,sellable
SIM-000319,standard,display,sellable
SIM-000320,standard,display,sellable
SIM-000321,standard,display,sellable
SIM-000322,standard,display,sellable
SIM-000323,standard,display,sellable
SIM-000324,pilot,display,sellable
SIM-000325,pilot,display,sellable
SIM-000326,pilot,power,sellable
SIM-000327,pilot,display,sellable
SIM-000328,standard,power,sellable
SIM-000329,pilot,display,sellable
SIM-000330,standard,housing,sellable
SIM-000331,standard,housing,sellable
SIM-000332,pilot,display,sellable
SIM-000333,standard,power,sellable
SIM-000334,standard,housing,sellable
SIM-000335,standard,housing,sellable
SIM-000336,standard,housing,sellable
SIM-000337,standard,housing,sellable
SIM-000338,standard,display,sellable
SIM-000339,standard,power,sellable
SIM-000340,pilot,housing,sellable
SIM-000341,pilot,housing,scrapped
SIM-000342,pilot,display,sellable
SIM-000343,pilot,housing,sellable
SIM-000344,pilot,display,sellable
SIM-000345,pilot,housing,scrapped
SIM-000346,pilot,housing,scrapped
SIM-000347,pilot,housing,sellable
SIM-000348,standard,housing,sellable
SIM-000349,pilot,housing,sellable
SIM-000350,pilot,display,sellable
SIM-000351,standard,power,sellable
SIM-000352,standard,display,sellable
SIM-000353,pilot,power,sellable
SIM-000354,pilot,housing,sellable
SIM-000355,pilot,display,sellable
SIM-000356,standard,housing,sellable
SIM-000357,standard,power,sellable
SIM-000358,standard,housing,sellable
SIM-000359,standard,housing,sellable
SIM-000360,standard,display,sellable
SIM-000361,pilot,display,sellable
SIM-000362,pilot,display,sellable
SIM-000363,pilot,power,sellable
SIM-000364,pilot,display,scrapped
SIM-000365,standard,housing,sellable
SIM-000366,standard,housing,sellable
SIM-000367,pilot,power,sellable
SIM-000368,standard,display,sellable
SIM-000369,standard,power,sellable
SIM-000370,standard,display,sellable
SIM-000371,pilot,display,sellable
SIM-000372,standard,housing,sellable
SIM-000373,standard,power,sellable
SIM-000374,pilot,housing,scrapped
SIM-000375,standard,housing,sellable
SIM-000376,standard,display,sellable
SIM-000377,standard,power,sellable
SIM-000378,standard,power,sellable
SIM-000379,pilot,power,sellable
SIM-000380,standard,display,sellable
SIM-000381,standard,power,sellable
SIM-000382,pilot,housing,sellable
SIM-000383,standard,housing,sellable
SIM-000384,pilot,housing,sellable
SIM-000385,pilot,housing,scrapped
SIM-000386,pilot,housing,sellable
SIM-000387,pilot,power,scrapped
SIM-000388,pilot,power,scrapped
SIM-000389,pilot,housing,sellable
SIM-000390,pilot,power,sellable
SIM-000391,standard,display,sellable
SIM-000392,pilot,display,sellable
SIM-000393,standard,housing,sellable
SIM-000394,standard,display,sellable
SIM-000395,standard,power,sellable
SIM-000396,pilot,housing,sellable
SIM-000397,pilot,power,sellable
SIM-000398,pilot,power,sellable
SIM-000399,pilot,power,scrapped
SIM-000400,pilot,display,sellable
SIM-000401,pilot,housing,scrapped
SIM-000402,pilot,display,sellable
SIM-000403,standard,power,sellable
SIM-000404,pilot,power,scrapped
SIM-000405,pilot,power,sellable
SIM-000406,standard,housing,scrapped
SIM-000407,pilot,housing,sellable
SIM-000408,standard,power,sellable
SIM-000409,pilot,display,sellable
SIM-000410,standard,housing,sellable
SIM-000411,pilot,display,sellable
SIM-000412,standard,housing,sellable
SIM-000413,standard,housing,sellable
SIM-000414,standard,display,sellable
SIM-000415,pilot,housing,sellable
SIM-000416,standard,housing,sellable
SIM-000417,pilot,housing,sellable
SIM-000418,pilot,power,sellable
SIM-000419,pilot,housing,sellable
SIM-000420,standard,housing,sellable
SIM-000421,standard,power,sellable
SIM-000422,standard,power,scrapped
SIM-000423,standard,display,sellable
SIM-000424,pilot,housing,sellable
SIM-000425,pilot,housing,scrapped
SIM-000426,standard,display,sellable
SIM-000427,standard,power,sellable
SIM-000428,pilot,display,sellable
SIM-000429,standard,housing,sellable
SIM-000430,pilot,display,sellable
SIM-000431,pilot,housing,sellable
SIM-000432,standard,power,sellable
SIM-000433,pilot,housing,sellable
SIM-000434,pilot,power,sellable
SIM-000435,standard,housing,sellable
SIM-000436,pilot,display,sellable
SIM-000437,pilot,housing,scrapped
SIM-000438,pilot,power,sellable
SIM-000439,pilot,housing,sellable
SIM-000440,pilot,housing,sellable
SIM-000441,pilot,housing,scrapped
SIM-000442,standard,power,sellable
SIM-000443,pilot,display,sellable
SIM-000444,standard,power,sellable
SIM-000445,pilot,housing,sellable
SIM-000446,standard,housing,sellable
SIM-000447,pilot,power,sellable
SIM-000448,pilot,display,sellable
SIM-000449,pilot,display,sellable
SIM-000450,standard,housing,sellable
SIM-000451,standard,display,sellable
SIM-000452,pilot,housing,scrapped
SIM-000453,pilot,power,sellable
SIM-000454,pilot,display,sellable
SIM-000455,standard,display,sellable
SIM-000456,standard,housing,sellable
SIM-000457,standard,housing,sellable
SIM-000458,pilot,housing,scrapped
SIM-000459,pilot,power,sellable
SIM-000460,standard,display,sellable
SIM-000461,pilot,housing,sellable
SIM-000462,standard,housing,sellable
SIM-000463,standard,display,sellable
SIM-000464,pilot,housing,sellable
SIM-000465,standard,display,sellable
SIM-000466,standard,display,sellable
SIM-000467,pilot,power,sellable
SIM-000468,standard,power,sellable
SIM-000469,standard,housing,sellable
SIM-000470,pilot,display,sellable
SIM-000471,pilot,housing,scrapped
SIM-000472,standard,housing,sellable
SIM-000473,standard,housing,sellable
SIM-000474,standard,power,sellable
SIM-000475,standard,power,sellable
SIM-000476,pilot,display,sellable
SIM-000477,standard,power,sellable
SIM-000478,pilot,housing,sellable
SIM-000479,standard,power,sellable
SIM-000480,standard,power,sellable
SIM-000481,pilot,power,sellable
SIM-000482,pilot,power,sellable
SIM-000483,pilot,power,sellable
SIM-000484,standard,power,sellable
SIM-000485,standard,housing,sellable
SIM-000486,standard,housing,sellable
SIM-000487,pilot,power,sellable
SIM-000488,standard,housing,sellable
SIM-000489,standard,housing,sellable
SIM-000490,standard,housing,sellable
SIM-000491,pilot,housing,sellable
SIM-000492,standard,housing,sellable
SIM-000493,pilot,display,sellable
SIM-000494,standard,housing,sellable
SIM-000495,pilot,housing,scrapped
SIM-000496,pilot,housing,sellable
SIM-000497,standard,power,sellable
SIM-000498,pilot,display,sellable
SIM-000499,standard,power,sellable
SIM-000500,standard,display,sellable
SIM-000501,standard,power,sellable
SIM-000502,standard,power,sellable
SIM-000503,standard,display,sellable
SIM-000504,standard,display,sellable
SIM-000505,pilot,power,sellable
SIM-000506,pilot,display,sellable
SIM-000507,standard,display,sellable
SIM-000508,pilot,display,sellable
SIM-000509,pilot,housing,scrapped
SIM-000510,pilot,housing,sellable
SIM-000511,standard,housing,sellable
SIM-000512,standard,display,sellable
SIM-000513,pilot,housing,sellable
SIM-000514,standard,display,sellable
SIM-000515,standard,display,sellable
SIM-000516,pilot,display,sellable
SIM-000517,pilot,display,sellable
SIM-000518,pilot,power,sellable
SIM-000519,standard,housing,sellable
SIM-000520,standard,display,sellable
SIM-000521,standard,power,sellable
SIM-000522,standard,power,sellable
SIM-000523,pilot,power,sellable
SIM-000524,standard,housing,sellable
SIM-000525,standard,display,sellable
SIM-000526,pilot,display,sellable
SIM-000527,standard,display,sellable
SIM-000528,standard,display,sellable
SIM-000529,standard,power,sellable
SIM-000530,pilot,housing,sellable
SIM-000531,standard,display,sellable
SIM-000532,standard,display,sellable
SIM-000533,pilot,housing,sellable
SIM-000534,standard,display,sellable
SIM-000535,pilot,power,scrapped
SIM-000536,pilot,display,scrapped
SIM-000537,standard,power,sellable
SIM-000538,standard,housing,scrapped
SIM-000539,standard,power,sellable
SIM-000540,standard,display,sellable
SIM-000541,pilot,display,sellable
SIM-000542,standard,display,sellable
SIM-000543,pilot,power,sellable
SIM-000544,pilot,housing,scrapped
SIM-000545,pilot,power,sellable
SIM-000546,pilot,display,sellable
SIM-000547,pilot,display,sellable
SIM-000548,pilot,power,sellable
SIM-000549,pilot,display,sellable
SIM-000550,standard,display,sellable
SIM-000551,standard,display,sellable
SIM-000552,pilot,housing,scrapped
SIM-000553,standard,display,sellable
SIM-000554,pilot,display,sellable
SIM-000555,standard,housing,sellable
SIM-000556,pilot,power,sellable
SIM-000557,pilot,housing,scrapped
SIM-000558,standard,power,sellable
SIM-000559,pilot,power,sellable
SIM-000560,standard,housing,sellable
SIM-000561,pilot,power,scrapped
SIM-000562,pilot,power,sellable
SIM-000563,pilot,display,sellable
SIM-000564,standard,display,sellable
SIM-000565,pilot,housing,sellable
SIM-000566,pilot,display,sellable
SIM-000567,pilot,display,sellable
SIM-000568,pilot,display,sellable
SIM-000569,pilot,housing,scrapped
SIM-000570,pilot,housing,sellable
SIM-000571,pilot,housing,sellable
SIM-000572,standard,display,sellable
SIM-000573,pilot,housing,sellable
SIM-000574,standard,housing,sellable
SIM-000575,pilot,power,sellable
SIM-000576,pilot,power,sellable
SIM-000577,standard,housing,sellable
SIM-000578,pilot,power,sellable
SIM-000579,pilot,power,sellable
SIM-000580,pilot,housing,sellable
SIM-000581,pilot,housing,sellable
SIM-000582,standard,housing,sellable
SIM-000583,standard,housing,sellable
SIM-000584,pilot,power,sellable
SIM-000585,pilot,power,sellable
SIM-000586,pilot,display,sellable
SIM-000587,standard,housing,sellable
SIM-000588,standard,power,sellable
SIM-000589,pilot,power,sellable
SIM-000590,pilot,display,sellable
SIM-000591,standard,housing,sellable
SIM-000592,pilot,display,sellable
SIM-000593,pilot,power,sellable
SIM-000594,pilot,power,sellable
SIM-000595,standard,power,sellable
SIM-000596,standard,display,sellable
SIM-000597,pilot,display,sellable
SIM-000598,standard,display,sellable
SIM-000599,pilot,housing,scrapped
SIM-000600,pilot,power,sellable
SIM-000601,pilot,display,sellable
SIM-000602,pilot,housing,sellable
SIM-000603,pilot,display,sellable
SIM-000604,standard,housing,sellable
SIM-000605,standard,power,sellable
SIM-000606,standard,power,sellable
SIM-000607,pilot,display,sellable
SIM-000608,standard,power,sellable
SIM-000609,pilot,power,sellable
SIM-000610,standard,housing,sellable
SIM-000611,standard,power,sellable
SIM-000612,pilot,power,sellable
SIM-000613,pilot,display,sellable
SIM-000614,standard,display,sellable
SIM-000615,standard,power,sellable
SIM-000616,pilot,power,sellable
SIM-000617,standard,power,sellable
SIM-000618,standard,power,sellable
SIM-000619,standard,display,sellable
SIM-000620,pilot,display,sellable
SIM-000621,pilot,display,sellable
SIM-000622,standard,display,sellable
SIM-000623,standard,housing,sellable
SIM-000624,pilot,power,sellable
SIM-000625,standard,housing,sellable
SIM-000626,pilot,housing,scrapped
SIM-000627,standard,display,sellable
SIM-000628,pilot,housing,scrapped
SIM-000629,standard,housing,sellable
SIM-000630,pilot,housing,scrapped
SIM-000631,standard,power,sellable
SIM-000632,pilot,display,sellable
SIM-000633,pilot,power,sellable
SIM-000634,pilot,power,sellable
SIM-000635,standard,housing,sellable
SIM-000636,pilot,power,sellable
SIM-000637,standard,display,sellable
SIM-000638,standard,housing,sellable
SIM-000639,pilot,display,sellable
SIM-000640,standard,housing,sellable
SIM-000641,standard,display,sellable
SIM-000642,pilot,housing,sellable
SIM-000643,pilot,power,sellable
SIM-000644,standard,display,sellable
SIM-000645,pilot,housing,scrapped
SIM-000646,standard,housing,sellable
SIM-000647,standard,display,sellable
SIM-000648,pilot,power,sellable
SIM-000649,pilot,display,sellable
SIM-000650,pilot,housing,sellable
SIM-000651,standard,power,sellable
SIM-000652,standard,power,sellable
SIM-000653,pilot,power,sellable
SIM-000654,pilot,power,sellable
SIM-000655,pilot,housing,sellable
SIM-000656,standard,housing,sellable
SIM-000657,standard,power,sellable
SIM-000658,pilot,display,sellable
SIM-000659,standard,housing,sellable
SIM-000660,standard,display,sellable
SIM-000661,standard,housing,sellable
SIM-000662,standard,display,sellable
SIM-000663,standard,display,sellable
SIM-000664,pilot,power,sellable
SIM-000665,pilot,power,sellable
SIM-000666,standard,display,sellable
SIM-000667,standard,power,sellable
SIM-000668,standard,display,scrapped
SIM-000669,standard,housing,sellable
SIM-000670,pilot,housing,sellable
SIM-000671,standard,power,sellable
SIM-000672,pilot,housing,scrapped
SIM-000673,pilot,display,sellable
SIM-000674,standard,display,sellable
SIM-000675,standard,power,sellable
SIM-000676,standard,display,sellable
SIM-000677,standard,display,sellable
SIM-000678,pilot,housing,scrapped
SIM-000679,standard,housing,sellable
SIM-000680,standard,power,sellable
SIM-000681,pilot,power,sellable
SIM-000682,pilot,housing,sellable
SIM-000683,standard,housing,sellable
SIM-000684,pilot,housing,sellable
SIM-000685,standard,housing,sellable
SIM-000686,pilot,power,sellable
SIM-000687,pilot,housing,scrapped
SIM-000688,standard,display,sellable
SIM-000689,pilot,display,sellable
SIM-000690,pilot,power,sellable
SIM-000691,standard,display,sellable
SIM-000692,standard,power,sellable
SIM-000693,standard,display,sellable
SIM-000694,standard,power,sellable
SIM-000695,standard,housing,sellable
SIM-000696,pilot,power,sellable
SIM-000697,standard,power,sellable
SIM-000698,pilot,housing,sellable
SIM-000699,standard,power,sellable
SIM-000700,standard,power,sellable
SIM-000701,standard,power,sellable
SIM-000702,standard,power,sellable
SIM-000703,standard,housing,sellable
SIM-000704,standard,display,sellable
SIM-000705,pilot,power,sellable
SIM-000706,standard,power,scrapped
SIM-000707,pilot,display,sellable
SIM-000708,standard,housing,sellable
SIM-000709,pilot,housing,scrapped
SIM-000710,pilot,display,sellable
SIM-000711,pilot,power,sellable
SIM-000712,standard,display,sellable
SIM-000713,pilot,housing,sellable
SIM-000714,standard,display,sellable
SIM-000715,pilot,housing,scrapped
SIM-000716,standard,display,sellable
SIM-000717,standard,housing,scrapped
SIM-000718,standard,housing,sellable
SIM-000719,standard,display,scrapped
SIM-000720,standard,display,sellable
SIM-000721,standard,display,scrapped
SIM-000722,pilot,power,sellable
SIM-000723,pilot,housing,sellable
SIM-000724,standard,power,sellable
SIM-000725,standard,power,sellable
SIM-000726,standard,display,sellable
SIM-000727,pilot,housing,sellable
SIM-000728,pilot,display,sellable
SIM-000729,standard,power,sellable
SIM-000730,standard,housing,sellable
SIM-000731,standard,display,sellable
SIM-000732,standard,power,sellable
SIM-000733,pilot,power,sellable
SIM-000734,pilot,housing,sellable
SIM-000735,standard,display,sellable
SIM-000736,pilot,power,sellable
SIM-000737,standard,housing,sellable
SIM-000738,pilot,housing,scrapped
SIM-000739,pilot,display,sellable
SIM-000740,standard,power,scrapped
SIM-000741,pilot,display,sellable
SIM-000742,pilot,display,sellable
SIM-000743,standard,power,scrapped
SIM-000744,standard,display,sellable
SIM-000745,pilot,display,sellable
SIM-000746,standard,housing,scrapped
SIM-000747,pilot,display,sellable
SIM-000748,standard,display,sellable
SIM-000749,pilot,housing,sellable
SIM-000750,standard,housing,sellable
SIM-000751,pilot,housing,scrapped
SIM-000752,pilot,housing,sellable
SIM-000753,pilot,display,sellable
SIM-000754,pilot,power,sellable
SIM-000755,standard,display,sellable
SIM-000756,standard,power,sellable
SIM-000757,pilot,display,sellable
SIM-000758,pilot,housing,sellable
SIM-000759,pilot,display,sellable
SIM-000760,pilot,power,sellable
SIM-000761,pilot,housing,scrapped
SIM-000762,pilot,display,scrapped
SIM-000763,standard,display,sellable
SIM-000764,standard,housing,sellable
SIM-000765,pilot,display,sellable
SIM-000766,standard,display,sellable
SIM-000767,standard,display,sellable
SIM-000768,pilot,display,sellable
SIM-000769,pilot,housing,scrapped
SIM-000770,standard,power,sellable
SIM-000771,standard,housing,sellable
SIM-000772,standard,power,sellable
SIM-000773,standard,housing,sellable
SIM-000774,standard,power,sellable
SIM-000775,standard,display,sellable
SIM-000776,pilot,housing,sellable
SIM-000777,pilot,power,sellable
SIM-000778,standard,housing,sellable
SIM-000779,pilot,display,sellable
SIM-000780,pilot,display,sellable
SIM-000781,standard,housing,sellable
SIM-000782,standard,housing,scrapped
SIM-000783,standard,power,sellable
SIM-000784,standard,housing,sellable
SIM-000785,pilot,display,scrapped
SIM-000786,pilot,power,sellable
SIM-000787,standard,power,sellable
SIM-000788,pilot,power,sellable
SIM-000789,standard,display,sellable
SIM-000790,standard,display,sellable
SIM-000791,pilot,power,sellable
SIM-000792,pilot,housing,sellable
SIM-000793,pilot,display,sellable
SIM-000794,pilot,display,sellable
SIM-000795,standard,power,sellable
SIM-000796,pilot,display,sellable
SIM-000797,pilot,power,sellable
SIM-000798,standard,housing,sellable
SIM-000799,pilot,display,sellable
SIM-000800,standard,display,sellable
SIM-000801,pilot,housing,scrapped
SIM-000802,pilot,housing,sellable
SIM-000803,pilot,housing,sellable
SIM-000804,pilot,display,sellable
SIM-000805,standard,display,sellable
SIM-000806,standard,power,sellable
SIM-000807,pilot,housing,sellable
SIM-000808,standard,display,sellable
SIM-000809,pilot,housing,sellable
SIM-000810,pilot,display,sellable
SIM-000811,standard,housing,sellable
SIM-000812,standard,housing,sellable
SIM-000813,standard,housing,sellable
SIM-000814,pilot,display,sellable
SIM-000815,standard,display,sellable
SIM-000816,pilot,housing,scrapped
SIM-000817,standard,housing,sellable
SIM-000818,pilot,housing,sellable
SIM-000819,pilot,display,scrapped
SIM-000820,standard,housing,sellable
SIM-000821,pilot,display,sellable
SIM-000822,standard,housing,sellable
SIM-000823,pilot,display,sellable
SIM-000824,standard,housing,sellable
SIM-000825,pilot,display,sellable
SIM-000826,standard,power,sellable
SIM-000827,standard,housing,sellable
SIM-000828,standard,display,sellable
SIM-000829,standard,housing,sellable
SIM-000830,pilot,display,sellable
SIM-000831,pilot,housing,scrapped
SIM-000832,standard,display,sellable
SIM-000833,pilot,housing,sellable
SIM-000834,pilot,display,sellable
SIM-000835,standard,housing,sellable
SIM-000836,standard,power,sellable
SIM-000837,pilot,power,sellable
SIM-000838,pilot,display,sellable
SIM-000839,standard,housing,sellable
SIM-000840,pilot,housing,scrapped
SIM-000841,standard,display,sellable
SIM-000842,standard,housing,scrapped
SIM-000843,standard,display,sellable
SIM-000844,pilot,display,sellable
SIM-000845,standard,housing,sellable
SIM-000846,standard,display,sellable
SIM-000847,pilot,power,sellable
SIM-000848,pilot,display,sellable
SIM-000849,pilot,display,sellable
SIM-000850,pilot,housing,sellable
SIM-000851,pilot,housing,sellable
SIM-000852,pilot,housing,sellable
SIM-000853,pilot,power,sellable
SIM-000854,standard,display,sellable
SIM-000855,pilot,display,sellable
SIM-000856,pilot,housing,scrapped
SIM-000857,standard,display,sellable
SIM-000858,standard,housing,sellable
SIM-000859,pilot,power,sellable
SIM-000860,standard,housing,sellable
SIM-000861,standard,display,sellable
SIM-000862,standard,display,sellable
SIM-000863,pilot,power,sellable
SIM-000864,pilot,power,sellable
SIM-000865,standard,display,sellable
SIM-000866,pilot,display,sellable
SIM-000867,pilot,display,sellable
SIM-000868,standard,display,sellable
SIM-000869,standard,display,sellable
SIM-000870,standard,housing,sellable
SIM-000871,pilot,housing,sellable
SIM-000872,standard,display,sellable
SIM-000873,standard,housing,sellable
SIM-000874,standard,housing,sellable
SIM-000875,standard,display,sellable
SIM-000876,standard,display,sellable
SIM-000877,pilot,housing,sellable
SIM-000878,standard,housing,sellable
SIM-000879,standard,power,sellable
SIM-000880,pilot,power,sellable
SIM-000881,pilot,display,sellable
SIM-000882,pilot,display,sellable
SIM-000883,pilot,display,sellable
SIM-000884,standard,power,sellable
SIM-000885,pilot,power,scrapped
SIM-000886,pilot,housing,sellable
SIM-000887,standard,power,sellable
SIM-000888,standard,display,sellable
SIM-000889,standard,power,sellable
SIM-000890,pilot,display,sellable
SIM-000891,pilot,power,sellable
SIM-000892,pilot,power,sellable
SIM-000893,standard,power,scrapped
SIM-000894,pilot,power,sellable
SIM-000895,pilot,power,sellable
SIM-000896,standard,display,sellable
SIM-000897,standard,housing,sellable
SIM-000898,pilot,display,sellable
SIM-000899,pilot,housing,sellable
SIM-000900,standard,housing,sellable
SIM-000901,pilot,housing,scrapped
SIM-000902,pilot,power,sellable
SIM-000903,pilot,display,sellable
SIM-000904,standard,power,sellable
SIM-000905,standard,power,sellable
SIM-000906,pilot,housing,sellable
SIM-000907,pilot,housing,sellable
SIM-000908,pilot,housing,sellable
SIM-000909,pilot,display,sellable
SIM-000910,pilot,power,sellable
SIM-000911,pilot,display,sellable
SIM-000912,pilot,power,sellable
SIM-000913,standard,display,sellable
SIM-000914,standard,power,sellable
SIM-000915,pilot,display,sellable
SIM-000916,standard,display,sellable
SIM-000917,pilot,display,sellable
SIM-000918,pilot,display,sellable
SIM-000919,pilot,power,sellable
SIM-000920,pilot,display,sellable
SIM-000921,standard,housing,sellable
SIM-000922,standard,power,scrapped
SIM-000923,pilot,power,sellable
SIM-000924,standard,power,sellable
SIM-000925,pilot,power,sellable
SIM-000926,standard,housing,sellable
SIM-000927,standard,housing,sellable
SIM-000928,pilot,power,sellable
SIM-000929,standard,housing,sellable
SIM-000930,pilot,housing,sellable
SIM-000931,standard,display,sellable
SIM-000932,standard,housing,sellable
SIM-000933,pilot,display,sellable
SIM-000934,pilot,power,sellable
SIM-000935,standard,power,sellable
SIM-000936,standard,housing,sellable
SIM-000937,standard,display,sellable
SIM-000938,pilot,housing,scrapped
SIM-000939,standard,display,sellable
SIM-000940,pilot,power,sellable
SIM-000941,standard,power,sellable
SIM-000942,standard,power,sellable
SIM-000943,standard,housing,sellable
SIM-000944,pilot,housing,sellable
SIM-000945,standard,display,sellable
SIM-000946,standard,housing,scrapped
SIM-000947,standard,display,sellable
SIM-000948,pilot,housing,sellable
SIM-000949,standard,housing,sellable
SIM-000950,pilot,housing,scrapped
SIM-000951,standard,power,sellable
SIM-000952,standard,power,sellable
SIM-000953,pilot,power,sellable
SIM-000954,pilot,power,sellable
SIM-000955,pilot,display,sellable
SIM-000956,standard,power,sellable
SIM-000957,standard,display,sellable
SIM-000958,pilot,housing,sellable
SIM-000959,standard,housing,sellable
SIM-000960,pilot,power,sellable
SIM-000961,standard,power,sellable
SIM-000962,pilot,power,sellable
SIM-000963,pilot,housing,sellable
SIM-000964,standard,power,sellable
SIM-000965,standard,display,scrapped
SIM-000966,pilot,display,sellable
SIM-000967,pilot,power,sellable
SIM-000968,standard,housing,sellable
SIM-000969,pilot,display,sellable
SIM-000970,standard,power,sellable
SIM-000971,standard,housing,sellable
SIM-000972,pilot,housing,scrapped
SIM-000973,pilot,display,sellable
SIM-000974,pilot,power,sellable
SIM-000975,pilot,housing,sellable
SIM-000976,standard,display,sellable
SIM-000977,pilot,power,sellable
SIM-000978,pilot,housing,sellable
SIM-000979,standard,power,sellable
SIM-000980,standard,housing,sellable
SIM-000981,standard,housing,sellable
SIM-000982,standard,housing,sellable
SIM-000983,standard,power,sellable
SIM-000984,standard,power,sellable
SIM-000985,pilot,display,sellable
SIM-000986,standard,power,sellable
SIM-000987,pilot,power,scrapped
SIM-000988,standard,power,sellable
SIM-000989,pilot,power,sellable
SIM-000990,standard,housing,sellable
SIM-000991,pilot,display,sellable
SIM-000992,pilot,housing,sellable
SIM-000993,standard,housing,sellable
SIM-000994,pilot,power,sellable
SIM-000995,pilot,power,sellable
SIM-000996,pilot,housing,scrapped
SIM-000997,pilot,power,sellable
SIM-000998,pilot,display,sellable
SIM-000999,pilot,housing,sellable
SIM-001000,pilot,display,sellable
SIM-001001,pilot,display,sellable
SIM-001002,pilot,power,sellable
SIM-001003,standard,display,sellable
SIM-001004,pilot,display,sellable
SIM-001005,pilot,power,sellable
SIM-001006,pilot,housing,sellable
SIM-001007,pilot,power,scrapped
SIM-001008,pilot,power,sellable
SIM-001009,pilot,display,sellable
SIM-001010,standard,housing,sellable
SIM-001011,pilot,housing,scrapped
SIM-001012,pilot,housing,sellable
SIM-001013,standard,display,sellable
SIM-001014,pilot,housing,sellable
SIM-001015,standard,display,sellable
SIM-001016,pilot,display,sellable
SIM-001017,standard,power,sellable
SIM-001018,pilot,housing,sellable
SIM-001019,pilot,housing,sellable
SIM-001020,pilot,display,sellable
SIM-001021,pilot,display,sellable
SIM-001022,pilot,power,sellable
SIM-001023,standard,power,sellable
SIM-001024,pilot,power,scrapped
SIM-001025,standard,housing,sellable
SIM-001026,pilot,power,sellable
SIM-001027,standard,housing,sellable
SIM-001028,standard,housing,sellable
SIM-001029,standard,power,sellable
SIM-001030,standard,display,sellable
SIM-001031,pilot,power,sellable
SIM-001032,standard,power,sellable
SIM-001033,standard,housing,sellable
SIM-001034,standard,housing,sellable
SIM-001035,pilot,display,sellable
SIM-001036,pilot,power,sellable
SIM-001037,pilot,display,sellable
SIM-001038,pilot,housing,sellable
SIM-001039,pilot,display,sellable
SIM-001040,standard,display,sellable
SIM-001041,standard,housing,sellable
SIM-001042,standard,housing,sellable
SIM-001043,standard,housing,sellable
SIM-001044,pilot,housing,sellable
SIM-001045,standard,power,sellable
SIM-001046,standard,housing,sellable
SIM-001047,pilot,display,sellable
SIM-001048,standard,display,sellable
SIM-001049,pilot,power,sellable
SIM-001050,pilot,housing,sellable
SIM-001051,pilot,display,sellable
SIM-001052,standard,display,sellable
SIM-001053,pilot,display,sellable
SIM-001054,pilot,power,sellable
SIM-001055,standard,housing,sellable
SIM-001056,pilot,display,sellable
SIM-001057,pilot,power,sellable
SIM-001058,standard,display,sellable
SIM-001059,standard,housing,sellable
SIM-001060,pilot,display,sellable
SIM-001061,standard,power,sellable
SIM-001062,pilot,housing,scrapped
SIM-001063,pilot,housing,sellable
SIM-001064,standard,housing,sellable
SIM-001065,standard,power,sellable
SIM-001066,standard,housing,sellable
SIM-001067,standard,display,scrapped
SIM-001068,pilot,display,sellable
SIM-001069,standard,display,scrapped
SIM-001070,pilot,power,sellable
SIM-001071,standard,display,sellable
SIM-001072,standard,power,scrapped
SIM-001073,standard,display,sellable
SIM-001074,pilot,power,sellable
SIM-001075,standard,display,sellable
SIM-001076,standard,power,sellable
SIM-001077,pilot,display,sellable
SIM-001078,standard,housing,sellable
SIM-001079,pilot,housing,sellable
SIM-001080,pilot,power,sellable
SIM-001081,standard,power,scrapped
SIM-001082,standard,power,sellable
SIM-001083,pilot,display,sellable
SIM-001084,pilot,power,sellable
SIM-001085,standard,power,sellable
SIM-001086,standard,display,sellable
SIM-001087,standard,housing,sellable
SIM-001088,standard,housing,sellable
SIM-001089,pilot,housing,scrapped
SIM-001090,standard,housing,sellable
SIM-001091,pilot,housing,scrapped
SIM-001092,pilot,housing,scrapped
SIM-001093,standard,power,sellable
SIM-001094,pilot,power,sellable
SIM-001095,standard,display,sellable
SIM-001096,pilot,display,sellable
SIM-001097,standard,housing,sellable
SIM-001098,pilot,power,sellable
SIM-001099,pilot,power,sellable
SIM-001100,pilot,display,sellable
SIM-001101,pilot,display,sellable
SIM-001102,standard,display,sellable
SIM-001103,pilot,housing,sellable
SIM-001104,standard,power,sellable
SIM-001105,standard,housing,sellable
SIM-001106,standard,housing,scrapped
SIM-001107,standard,power,sellable
SIM-001108,pilot,power,sellable
SIM-001109,pilot,power,sellable
SIM-001110,standard,display,sellable
SIM-001111,standard,power,sellable
SIM-001112,standard,housing,sellable
SIM-001113,pilot,display,sellable
SIM-001114,pilot,display,sellable
SIM-001115,pilot,power,sellable
SIM-001116,pilot,display,sellable
SIM-001117,standard,housing,sellable
SIM-001118,standard,display,sellable
SIM-001119,standard,display,scrapped
SIM-001120,pilot,display,sellable
SIM-001121,standard,display,scrapped
SIM-001122,standard,power,sellable
SIM-001123,standard,display,sellable
SIM-001124,pilot,housing,scrapped
SIM-001125,pilot,housing,scrapped
SIM-001126,standard,housing,sellable
SIM-001127,pilot,housing,scrapped
SIM-001128,standard,power,sellable
SIM-001129,pilot,display,sellable
SIM-001130,pilot,housing,sellable
SIM-001131,pilot,power,sellable
SIM-001132,standard,power,sellable
SIM-001133,standard,display,sellable
SIM-001134,pilot,display,sellable
SIM-001135,pilot,housing,scrapped
SIM-001136,standard,housing,sellable
SIM-001137,standard,display,sellable
SIM-001138,standard,power,sellable
SIM-001139,standard,housing,sellable
SIM-001140,standard,power,sellable
SIM-001141,pilot,power,sellable
SIM-001142,standard,housing,sellable
SIM-001143,pilot,housing,scrapped
SIM-001144,standard,power,sellable
SIM-001145,pilot,display,sellable
SIM-001146,standard,power,sellable
SIM-001147,standard,power,sellable
SIM-001148,standard,housing,scrapped
SIM-001149,standard,housing,sellable
SIM-001150,standard,power,sellable
SIM-001151,standard,power,sellable
SIM-001152,standard,display,sellable
SIM-001153,standard,housing,sellable
SIM-001154,pilot,power,sellable
SIM-001155,standard,display,sellable
SIM-001156,pilot,housing,scrapped
SIM-001157,pilot,power,sellable
SIM-001158,pilot,housing,scrapped
SIM-001159,pilot,power,sellable
SIM-001160,standard,display,sellable
SIM-001161,standard,power,sellable
SIM-001162,standard,display,sellable
SIM-001163,standard,power,sellable
SIM-001164,standard,housing,sellable
SIM-001165,standard,display,sellable
SIM-001166,standard,power,sellable
SIM-001167,pilot,power,sellable
SIM-001168,pilot,power,sellable
SIM-001169,standard,power,sellable
SIM-001170,standard,power,sellable
SIM-001171,standard,display,sellable
SIM-001172,standard,power,sellable
SIM-001173,pilot,power,sellable
SIM-001174,pilot,display,sellable
SIM-001175,standard,power,sellable
SIM-001176,pilot,power,sellable
SIM-001177,standard,power,sellable
SIM-001178,standard,display,sellable
SIM-001179,pilot,display,sellable
SIM-001180,pilot,power,sellable
SIM-001181,pilot,display,sellable
SIM-001182,standard,display,sellable
SIM-001183,standard,display,sellable
SIM-001184,pilot,power,sellable
SIM-001185,pilot,display,sellable
SIM-001186,standard,display,sellable
SIM-001187,standard,housing,sellable
SIM-001188,standard,housing,sellable
SIM-001189,standard,display,sellable
SIM-001190,pilot,power,sellable
SIM-001191,pilot,display,sellable
SIM-001192,standard,housing,sellable
SIM-001193,standard,housing,sellable
SIM-001194,pilot,housing,sellable
SIM-001195,standard,power,sellable
SIM-001196,pilot,housing,sellable
SIM-001197,pilot,display,sellable
SIM-001198,pilot,power,sellable
SIM-001199,pilot,housing,sellable
