case_id,route,failure_mode,outcome,total_cost_cents,attempts,sellable,repeat_repair,scrapped_cost_cents
SIM-000000,pilot,housing,scrapped,1535,1,False,False,1535
SIM-000001,pilot,housing,sellable,4088,2,True,True,0
SIM-000002,pilot,display,sellable,2096,1,True,False,0
SIM-000003,standard,power,sellable,2005,1,True,False,0
SIM-000004,standard,housing,sellable,2452,1,True,False,0
SIM-000005,pilot,display,sellable,1962,1,True,False,0
SIM-000006,standard,housing,sellable,2512,1,True,False,0
SIM-000007,pilot,power,sellable,3836,2,True,True,0
SIM-000008,pilot,display,sellable,3241,2,True,True,0
SIM-000009,standard,power,sellable,1988,1,True,False,0
SIM-000010,standard,display,sellable,2761,1,True,False,0
SIM-000011,pilot,power,sellable,1563,1,True,False,0
SIM-000012,standard,display,sellable,2272,1,True,False,0
SIM-000013,standard,power,sellable,2407,1,True,False,0
SIM-000014,standard,display,sellable,2222,1,True,False,0
SIM-000015,standard,power,sellable,3032,1,True,False,0
SIM-000016,standard,power,scrapped,2455,1,False,False,2455
SIM-000017,standard,power,sellable,2797,1,True,False,0
SIM-000018,standard,display,sellable,2676,1,True,False,0
SIM-000019,pilot,display,sellable,2031,1,True,False,0
SIM-000020,standard,power,sellable,2119,1,True,False,0
SIM-000021,pilot,power,sellable,1660,1,True,False,0
SIM-000022,pilot,display,sellable,1490,1,True,False,0
SIM-000023,pilot,display,sellable,1776,1,True,False,0
SIM-000024,pilot,housing,sellable,2433,1,True,False,0
SIM-000025,standard,power,sellable,2861,1,True,False,0
SIM-000026,pilot,display,sellable,1735,1,True,False,0
SIM-000027,standard,housing,sellable,2936,1,True,False,0
SIM-000028,pilot,power,sellable,1564,1,True,False,0
SIM-000029,pilot,housing,sellable,3799,2,True,True,0
SIM-000030,pilot,display,sellable,3494,2,True,True,0
SIM-000031,standard,housing,sellable,2885,1,True,False,0
SIM-000032,standard,housing,scrapped,5271,2,False,True,5271
SIM-000033,standard,power,sellable,2147,1,True,False,0
SIM-000034,standard,housing,sellable,2290,1,True,False,0
SIM-000035,pilot,display,sellable,3710,2,True,True,0
SIM-000036,standard,housing,sellable,2312,1,True,False,0
SIM-000037,pilot,power,sellable,2348,1,True,False,0
SIM-000038,pilot,display,sellable,3879,2,True,True,0
SIM-000039,pilot,power,sellable,4363,2,True,True,0
SIM-000040,standard,display,sellable,2582,1,True,False,0
SIM-000041,standard,housing,sellable,2797,1,True,False,0
SIM-000042,pilot,display,sellable,2606,1,True,False,0
SIM-000043,standard,display,sellable,2532,1,True,False,0
SIM-000044,pilot,power,sellable,1987,1,True,False,0
SIM-000045,standard,housing,sellable,2420,1,True,False,0
SIM-000046,pilot,power,sellable,3327,2,True,True,0
SIM-000047,pilot,housing,sellable,3108,2,True,True,0
SIM-000048,pilot,display,sellable,3563,2,True,True,0
SIM-000049,standard,display,sellable,2686,1,True,False,0
SIM-000050,standard,power,sellable,2955,1,True,False,0
SIM-000051,pilot,display,sellable,2609,1,True,False,0
SIM-000052,standard,housing,sellable,5428,2,True,True,0
SIM-000053,pilot,display,sellable,2009,1,True,False,0
SIM-000054,standard,display,sellable,2234,1,True,False,0
SIM-000055,standard,housing,sellable,2111,1,True,False,0
SIM-000056,standard,display,sellable,2376,1,True,False,0
SIM-000057,pilot,display,sellable,3829,2,True,True,0
SIM-000058,standard,display,sellable,2236,1,True,False,0
SIM-000059,pilot,display,sellable,1659,1,True,False,0
SIM-000060,standard,display,sellable,2244,1,True,False,0
SIM-000061,pilot,power,sellable,1433,1,True,False,0
SIM-000062,standard,display,sellable,2156,1,True,False,0
SIM-000063,pilot,power,sellable,1853,1,True,False,0
SIM-000064,pilot,housing,sellable,1581,1,True,False,0
SIM-000065,standard,housing,sellable,2349,1,True,False,0
SIM-000066,standard,housing,sellable,3065,1,True,False,0
SIM-000067,standard,power,sellable,2444,1,True,False,0
SIM-000068,pilot,display,scrapped,3828,2,False,True,3828
SIM-000069,standard,housing,sellable,4394,2,True,True,0
SIM-000070,pilot,power,sellable,3749,2,True,True,0
SIM-000071,standard,display,scrapped,4253,2,False,True,4253
SIM-000072,pilot,display,sellable,1390,1,True,False,0
SIM-000073,pilot,power,sellable,2214,1,True,False,0
SIM-000074,pilot,housing,scrapped,1653,1,False,False,1653
SIM-000075,standard,display,sellable,2397,1,True,False,0
SIM-000076,standard,housing,sellable,4698,2,True,True,0
SIM-000077,standard,housing,sellable,2550,1,True,False,0
SIM-000078,pilot,power,sellable,1780,1,True,False,0
SIM-000079,pilot,housing,sellable,2109,1,True,False,0
SIM-000080,standard,housing,sellable,2226,1,True,False,0
SIM-000081,pilot,housing,sellable,1683,1,True,False,0
SIM-000082,standard,power,sellable,2546,1,True,False,0
SIM-000083,pilot,display,sellable,2688,2,True,True,0
SIM-000084,pilot,power,sellable,1785,1,True,False,0
SIM-000085,standard,housing,sellable,2449,1,True,False,0
SIM-000086,pilot,power,sellable,2292,1,True,False,0
SIM-000087,pilot,power,sellable,1885,1,True,False,0
SIM-000088,pilot,display,sellable,3155,2,True,True,0
SIM-000089,standard,housing,sellable,1664,1,True,False,0
SIM-000090,pilot,power,sellable,1394,1,True,False,0
SIM-000091,standard,power,sellable,5227,2,True,True,0
SIM-000092,standard,display,scrapped,2374,1,False,False,2374
SIM-000093,standard,display,sellable,2223,1,True,False,0
SIM-000094,pilot,power,sellable,1710,1,True,False,0
SIM-000095,pilot,display,sellable,1807,1,True,False,0
SIM-000096,standard,power,sellable,4011,2,True,True,0
SIM-000097,standard,display,sellable,3104,1,True,False,0
SIM-000098,standard,housing,sellable,2849,1,True,False,0
SIM-000099,pilot,display,sellable,2198,1,True,False,0
SIM-000100,standard,power,sellable,2533,1,True,False,0
SIM-000101,standard,display,sellable,2818,1,True,False,0
SIM-000102,standard,housing,sellable,2928,1,True,False,0
SIM-000103,standard,display,sellable,2374,1,True,False,0
SIM-000104,standard,power,sellable,2868,1,True,False,0
SIM-000105,pilot,display,sellable,2226,1,True,False,0
SIM-000106,pilot,housing,sellable,1190,1,True,False,0
SIM-000107,pilot,housing,scrapped,3578,2,False,True,3578
SIM-000108,pilot,power,sellable,1798,1,True,False,0
SIM-000109,pilot,power,sellable,1683,1,True,False,0
SIM-000110,pilot,power,sellable,4269,2,True,True,0
SIM-000111,standard,housing,sellable,2229,1,True,False,0
SIM-000112,standard,housing,sellable,2249,1,True,False,0
SIM-000113,standard,display,scrapped,2383,1,False,False,2383
SIM-000114,standard,display,sellable,2685,1,True,False,0
SIM-000115,standard,power,sellable,4712,2,True,True,0
SIM-000116,pilot,display,sellable,1309,1,True,False,0
SIM-000117,pilot,power,sellable,1384,1,True,False,0
SIM-000118,pilot,housing,scrapped,1760,1,False,False,1760
SIM-000119,pilot,housing,sellable,2209,1,True,False,0
SIM-000120,standard,housing,sellable,2854,1,True,False,0
SIM-000121,standard,power,sellable,2144,1,True,False,0
SIM-000122,standard,display,sellable,1888,1,True,False,0
SIM-000123,pilot,display,sellable,2977,2,True,True,0
SIM-000124,pilot,display,scrapped,1938,1,False,False,1938
SIM-000125,standard,display,sellable,2403,1,True,False,0
SIM-000126,pilot,display,sellable,3069,2,True,True,0
SIM-000127,pilot,power,sellable,3819,2,True,True,0
SIM-000128,pilot,display,sellable,1370,1,True,False,0
SIM-000129,pilot,housing,sellable,1419,1,True,False,0
SIM-000130,pilot,display,sellable,1239,1,True,False,0
SIM-000131,pilot,power,sellable,1439,1,True,False,0
SIM-000132,standard,housing,sellable,2046,1,True,False,0
SIM-000133,standard,housing,sellable,2566,1,True,False,0
SIM-000134,standard,housing,sellable,1826,1,True,False,0
SIM-000135,pilot,housing,scrapped,2048,1,False,False,2048
SIM-000136,pilot,display,sellable,2351,1,True,False,0
SIM-000137,standard,power,sellable,2914,1,True,False,0
SIM-000138,standard,power,sellable,2225,1,True,False,0
SIM-000139,standard,display,sellable,2317,1,True,False,0
SIM-000140,pilot,display,sellable,2249,1,True,False,0
SIM-000141,standard,power,sellable,2648,1,True,False,0
SIM-000142,standard,display,sellable,3127,1,True,False,0
SIM-000143,standard,power,sellable,1968,1,True,False,0
SIM-000144,pilot,power,sellable,2150,1,True,False,0
SIM-000145,standard,power,scrapped,1928,1,False,False,1928
SIM-000146,pilot,power,sellable,2195,1,True,False,0
SIM-000147,pilot,power,sellable,1698,1,True,False,0
SIM-000148,standard,power,sellable,2126,1,True,False,0
SIM-000149,standard,power,sellable,2648,1,True,False,0
SIM-000150,standard,housing,sellable,2539,1,True,False,0
SIM-000151,pilot,housing,sellable,1398,1,True,False,0
SIM-000152,standard,display,sellable,2678,1,True,False,0
SIM-000153,standard,power,sellable,2228,1,True,False,0
SIM-000154,pilot,display,sellable,2917,2,True,True,0
SIM-000155,standard,power,sellable,2332,1,True,False,0
SIM-000156,standard,display,sellable,1741,1,True,False,0
SIM-000157,standard,display,sellable,2872,1,True,False,0
SIM-000158,standard,power,sellable,2216,1,True,False,0
SIM-000159,pilot,power,sellable,2213,1,True,False,0
SIM-000160,standard,housing,sellable,2249,1,True,False,0
SIM-000161,pilot,power,sellable,1599,1,True,False,0
SIM-000162,standard,housing,sellable,2596,1,True,False,0
SIM-000163,standard,display,sellable,2339,1,True,False,0
SIM-000164,pilot,power,sellable,3734,2,True,True,0
SIM-000165,pilot,display,sellable,2172,1,True,False,0
SIM-000166,standard,display,scrapped,2462,1,False,False,2462
SIM-000167,standard,housing,sellable,2251,1,True,False,0
SIM-000168,pilot,power,sellable,2072,1,True,False,0
SIM-000169,pilot,display,sellable,4054,2,True,True,0
SIM-000170,pilot,display,sellable,3717,2,True,True,0
SIM-000171,pilot,housing,sellable,1931,1,True,False,0
SIM-000172,standard,power,sellable,2237,1,True,False,0
SIM-000173,pilot,power,sellable,2101,1,True,False,0
SIM-000174,standard,housing,sellable,2481,1,True,False,0
SIM-000175,pilot,housing,sellable,3844,2,True,True,0
SIM-000176,pilot,display,sellable,2089,1,True,False,0
SIM-000177,pilot,power,sellable,3723,2,True,True,0
SIM-000178,standard,housing,sellable,2381,1,True,False,0
SIM-000179,standard,display,sellable,3094,1,True,False,0
SIM-000180,pilot,display,sellable,3489,2,True,True,0
SIM-000181,pilot,power,sellable,2090,1,True,False,0
SIM-000182,standard,housing,sellable,2344,1,True,False,0
SIM-000183,standard,housing,sellable,2328,1,True,False,0
SIM-000184,standard,power,sellable,2235,1,True,False,0
SIM-000185,pilot,housing,sellable,2150,1,True,False,0
SIM-000186,pilot,power,sellable,2177,1,True,False,0
SIM-000187,pilot,housing,scrapped,1833,1,False,False,1833
SIM-000188,standard,display,sellable,2727,1,True,False,0
SIM-000189,standard,power,sellable,2297,1,True,False,0
SIM-000190,pilot,power,sellable,1981,1,True,False,0
SIM-000191,standard,display,sellable,2246,1,True,False,0
SIM-000192,standard,power,sellable,2716,1,True,False,0
SIM-000193,standard,display,sellable,1971,1,True,False,0
SIM-000194,pilot,power,sellable,1524,1,True,False,0
SIM-000195,standard,power,sellable,2647,1,True,False,0
SIM-000196,standard,display,sellable,2682,1,True,False,0
SIM-000197,pilot,power,sellable,2244,1,True,False,0
SIM-000198,pilot,display,sellable,2260,1,True,False,0
SIM-000199,pilot,housing,sellable,2010,1,True,False,0
SIM-000200,pilot,display,scrapped,4310,2,False,True,4310
SIM-000201,pilot,housing,scrapped,2002,1,False,False,2002
SIM-000202,pilot,power,sellable,3517,2,True,True,0
SIM-000203,standard,housing,sellable,2686,1,True,False,0
SIM-000204,standard,housing,sellable,2395,1,True,False,0
SIM-000205,pilot,power,sellable,1410,1,True,False,0
SIM-000206,pilot,display,scrapped,4492,2,False,True,4492
SIM-000207,pilot,display,sellable,3453,2,True,True,0
SIM-000208,standard,display,sellable,2407,1,True,False,0
SIM-000209,standard,power,sellable,2171,1,True,False,0
SIM-000210,standard,housing,sellable,5447,2,True,True,0
SIM-000211,standard,power,sellable,2810,1,True,False,0
SIM-000212,pilot,power,sellable,1811,1,True,False,0
SIM-000213,pilot,display,sellable,1367,1,True,False,0
SIM-000214,standard,power,sellable,3035,1,True,False,0
SIM-000215,pilot,display,sellable,2237,1,True,False,0
SIM-000216,pilot,housing,sellable,3327,2,True,True,0
SIM-000217,standard,power,sellable,1790,1,True,False,0
SIM-000218,pilot,power,sellable,4334,2,True,True,0
SIM-000219,standard,display,sellable,2297,1,True,False,0
SIM-000220,standard,housing,sellable,4966,2,True,True,0
SIM-000221,standard,power,sellable,2447,1,True,False,0
SIM-000222,standard,power,sellable,2419,1,True,False,0
SIM-000223,pilot,housing,scrapped,1880,1,False,False,1880
SIM-000224,pilot,power,scrapped,1494,1,False,False,1494
SIM-000225,standard,housing,sellable,2594,1,True,False,0
SIM-000226,pilot,power,sellable,1569,1,True,False,0
SIM-000227,standard,housing,sellable,5192,2,True,True,0
SIM-000228,pilot,power,sellable,2133,1,True,False,0
SIM-000229,standard,housing,sellable,3029,1,True,False,0
SIM-000230,pilot,housing,sellable,1738,1,True,False,0
SIM-000231,pilot,power,sellable,2169,1,True,False,0
SIM-000232,pilot,housing,scrapped,1946,1,False,False,1946
SIM-000233,pilot,power,sellable,1851,1,True,False,0
SIM-000234,pilot,display,sellable,2114,1,True,False,0
SIM-000235,standard,power,sellable,1921,1,True,False,0
SIM-000236,pilot,display,sellable,3424,2,True,True,0
SIM-000237,pilot,display,sellable,1765,1,True,False,0
SIM-000238,standard,power,sellable,2229,1,True,False,0
SIM-000239,pilot,display,sellable,1526,1,True,False,0
SIM-000240,pilot,power,sellable,3467,2,True,True,0
SIM-000241,pilot,housing,sellable,1827,1,True,False,0
SIM-000242,standard,display,sellable,2248,1,True,False,0
SIM-000243,standard,power,sellable,2229,1,True,False,0
SIM-000244,standard,display,sellable,2843,1,True,False,0
SIM-000245,pilot,housing,sellable,1960,1,True,False,0
SIM-000246,standard,housing,sellable,2403,1,True,False,0
SIM-000247,standard,housing,sellable,2900,1,True,False,0
SIM-000248,standard,power,sellable,2840,1,True,False,0
SIM-000249,standard,housing,sellable,2256,1,True,False,0
SIM-000250,pilot,display,sellable,1810,1,True,False,0
SIM-000251,pilot,power,sellable,3037,2,True,True,0
SIM-000252,standard,housing,sellable,2519,1,True,False,0
SIM-000253,standard,power,sellable,2607,1,True,False,0
SIM-000254,pilot,housing,scrapped,4848,2,False,True,4848
SIM-000255,standard,display,sellable,2549,1,True,False,0
SIM-000256,pilot,power,sellable,2324,1,True,False,0
SIM-000257,pilot,display,sellable,2352,1,True,False,0
SIM-000258,pilot,housing,sellable,3096,2,True,True,0
SIM-000259,standard,display,sellable,2738,1,True,False,0
SIM-000260,standard,display,sellable,2412,1,True,False,0
SIM-000261,pilot,display,sellable,2104,1,True,False,0
SIM-000262,pilot,power,sellable,3146,2,True,True,0
SIM-000263,pilot,display,sellable,1207,1,True,False,0
SIM-000264,pilot,housing,sellable,4364,2,True,True,0
SIM-000265,standard,housing,sellable,2598,1,True,False,0
SIM-000266,standard,housing,sellable,2469,1,True,False,0
SIM-000267,pilot,housing,sellable,2332,1,True,False,0
SIM-000268,pilot,housing,sellable,2106,1,True,False,0
SIM-000269,standard,housing,sellable,2417,1,True,False,0
SIM-000270,standard,housing,sellable,5321,2,True,True,0
SIM-000271,standard,housing,sellable,2259,1,True,False,0
SIM-000272,standard,housing,scrapped,4092,2,False,True,4092
SIM-000273,standard,housing,sellable,2689,1,True,False,0
SIM-000274,standard,display,sellable,2351,1,True,False,0
SIM-000275,standard,display,sellable,4095,2,True,True,0
SIM-000276,pilot,power,sellable,1687,1,True,False,0
SIM-000277,pilot,housing,sellable,2054,1,True,False,0
SIM-000278,standard,housing,sellable,2617,1,True,False,0
SIM-000279,standard,housing,sellable,2214,1,True,False,0
SIM-000280,standard,housing,sellable,2955,1,True,False,0
SIM-000281,pilot,power,sellable,2055,1,True,False,0
SIM-000282,standard,power,sellable,2962,1,True,False,0
SIM-000283,standard,power,sellable,2335,1,True,False,0
SIM-000284,standard,housing,sellable,2733,1,True,False,0
SIM-000285,standard,housing,sellable,1906,1,True,False,0
SIM-000286,standard,housing,sellable,2249,1,True,False,0
SIM-000287,standard,housing,sellable,2264,1,True,False,0
SIM-000288,standard,display,sellable,2627,1,True,False,0
SIM-000289,standard,housing,sellable,1903,1,True,False,0
SIM-000290,pilot,housing,sellable,1966,1,True,False,0
SIM-000291,pilot,housing,scrapped,4772,2,False,True,4772
SIM-000292,standard,housing,sellable,2630,1,True,False,0
SIM-000293,pilot,display,sellable,2067,1,True,False,0
SIM-000294,pilot,display,sellable,1707,1,True,False,0
SIM-000295,standard,display,sellable,1839,1,True,False,0
SIM-000296,standard,housing,sellable,2898,1,True,False,0
SIM-000297,pilot,housing,sellable,2146,1,True,False,0
SIM-000298,pilot,power,sellable,2028,1,True,False,0
SIM-000299,pilot,display,sellable,1549,1,True,False,0
SIM-000300,standard,housing,sellable,2852,1,True,False,0
SIM-000301,pilot,power,sellable,1799,1,True,False,0
SIM-000302,standard,display,sellable,1905,1,True,False,0
SIM-000303,pilot,display,scrapped,1841,1,False,False,1841
SIM-000304,standard,display,sellable,4314,2,True,True,0
SIM-000305,standard,power,sellable,2525,1,True,False,0
SIM-000306,standard,display,sellable,2299,1,True,False,0
SIM-000307,pilot,display,sellable,2353,1,True,False,0
SIM-000308,standard,power,sellable,2115,1,True,False,0
SIM-000309,pilot,display,sellable,2158,1,True,False,0
SIM-000310,standard,power,sellable,2137,1,True,False,0
SIM-000311,standard,power,sellable,4704,2,True,True,0
SIM-000312,standard,power,sellable,3102,1,True,False,0
SIM-000313,standard,housing,sellable,2209,1,True,False,0
SIM-000314,standard,power,sellable,1860,1,True,False,0
SIM-000315,standard,housing,sellable,2762,1,True,False,0
SIM-000316,pilot,power,sellable,4388,2,True,True,0
SIM-000317,standard,power,sellable,2705,1,True,False,0
SIM-000318,standard,display,sellable,3131,1,True,False,0
SIM-000319,standard,display,sellable,4897,2,True,True,0
SIM-000320,standard,display,sellable,1762,1,True,False,0
SIM-000321,standard,display,sellable,1813,1,True,False,0
SIM-000322,standard,display,sellable,4919,2,True,True,0
SIM-000323,standard,display,sellable,2437,1,True,False,0
SIM-000324,pilot,display,sellable,3498,2,True,True,0
SIM-000325,pilot,display,sellable,3709,2,True,True,0
SIM-000326,pilot,power,sellable,1573,1,True,False,0
SIM-000327,pilot,display,sellable,1883,1,True,False,0
SIM-000328,standard,power,sellable,2718,1,True,False,0
SIM-000329,pilot,display,sellable,3564,2,True,True,0
SIM-000330,standard,housing,sellable,2564,1,True,False,0
SIM-000331,standard,housing,sellable,1882,1,True,False,0
SIM-000332,pilot,display,sellable,3796,2,True,True,0
SIM-000333,standard,power,sellable,2471,1,True,False,0
SIM-000334,standard,housing,sellable,3184,1,True,False,0
SIM-000335,standard,housing,sellable,2899,1,True,False,0
SIM-000336,standard,housing,sellable,2885,1,True,False,0
SIM-000337,standard,housing,sellable,5473,2,True,True,0
SIM-000338,standard,display,sellable,2749,1,True,False,0
SIM-000339,standard,power,sellable,2356,1,True,False,0
SIM-000340,pilot,housing,sellable,5018,2,True,True,0
SIM-000341,pilot,housing,scrapped,3846,2,False,True,3846
SIM-000342,pilot,display,sellable,1921,1,True,False,0
SIM-000343,pilot,housing,sellable,1788,1,True,False,0
SIM-000344,pilot,display,sellable,2150,1,True,False,0
SIM-000345,pilot,housing,scrapped,3466,2,False,True,3466
SIM-000346,pilot,housing,scrapped,1979,1,False,False,1979
SIM-000347,pilot,housing,sellable,3085,2,True,True,0
SIM-000348,standard,housing,sellable,2589,1,True,False,0
SIM-000349,pilot,housing,sellable,2172,1,True,False,0
SIM-000350,pilot,display,sellable,2024,1,True,False,0
SIM-000351,standard,power,sellable,2404,1,True,False,0
SIM-000352,standard,display,sellable,2421,1,True,False,0
SIM-000353,pilot,power,sellable,1645,1,True,False,0
SIM-000354,pilot,housing,sellable,1560,1,True,False,0
SIM-000355,pilot,display,sellable,2541,1,True,False,0
SIM-000356,standard,housing,sellable,2652,1,True,False,0
SIM-000357,standard,power,sellable,1943,1,True,False,0
SIM-000358,standard,housing,sellable,2372,1,True,False,0
SIM-000359,standard,housing,sellable,2435,1,True,False,0
SIM-000360,standard,display,sellable,2620,1,True,False,0
SIM-000361,pilot,display,sellable,1666,1,True,False,0
SIM-000362,pilot,display,sellable,3768,2,True,True,0
SIM-000363,pilot,power,sellable,1787,1,True,False,0
SIM-000364,pilot,display,scrapped,1862,1,False,False,1862
SIM-000365,standard,housing,sellable,2276,1,True,False,0
SIM-000366,standard,housing,sellable,1774,1,True,False,0
SIM-000367,pilot,power,sellable,1912,1,True,False,0
SIM-000368,standard,display,sellable,2856,1,True,False,0
SIM-000369,standard,power,sellable,5264,2,True,True,0
SIM-000370,standard,display,sellable,2774,1,True,False,0
SIM-000371,pilot,display,sellable,2191,1,True,False,0
SIM-000372,standard,housing,sellable,2091,1,True,False,0
SIM-000373,standard,power,sellable,2778,1,True,False,0
SIM-000374,pilot,housing,scrapped,4748,2,False,True,4748
SIM-000375,standard,housing,sellable,2567,1,True,False,0
SIM-000376,standard,display,sellable,2474,1,True,False,0
SIM-000377,standard,power,sellable,2115,1,True,False,0
SIM-000378,standard,power,sellable,2392,1,True,False,0
SIM-000379,pilot,power,sellable,2005,1,True,False,0
SIM-000380,standard,display,sellable,2315,1,True,False,0
SIM-000381,standard,power,sellable,4683,2,True,True,0
SIM-000382,pilot,housing,sellable,2075,1,True,False,0
SIM-000383,standard,housing,sellable,2538,1,True,False,0
SIM-000384,pilot,housing,sellable,1871,1,True,False,0
SIM-000385,pilot,housing,scrapped,1997,1,False,False,1997
SIM-000386,pilot,housing,sellable,3385,2,True,True,0
SIM-000387,pilot,power,scrapped,4505,2,False,True,4505
SIM-000388,pilot,power,scrapped,1724,1,False,False,1724
SIM-000389,pilot,housing,sellable,3936,2,True,True,0
SIM-000390,pilot,power,sellable,1802,1,True,False,0
SIM-000391,standard,display,sellable,2592,1,True,False,0
SIM-000392,pilot,display,sellable,1527,1,True,False,0
SIM-000393,standard,housing,sellable,2347,1,True,False,0
SIM-000394,standard,display,sellable,3167,1,True,False,0
SIM-000395,standard,power,sellable,4973,2,True,True,0
SIM-000396,pilot,housing,sellable,1790,1,True,False,0
SIM-000397,pilot,power,sellable,1356,1,True,False,0
SIM-000398,pilot,power,sellable,4351,2,True,True,0
SIM-000399,pilot,power,scrapped,2280,1,False,False,2280
SIM-000400,pilot,display,sellable,1801,1,True,False,0
SIM-000401,pilot,housing,scrapped,1897,1,False,False,1897
SIM-000402,pilot,display,sellable,1780,1,True,False,0
SIM-000403,standard,power,sellable,2176,1,True,False,0
SIM-000404,pilot,power,scrapped,1845,1,False,False,1845
SIM-000405,pilot,power,sellable,1626,1,True,False,0
SIM-000406,standard,housing,scrapped,2075,1,False,False,2075
SIM-000407,pilot,housing,sellable,1513,1,True,False,0
SIM-000408,standard,power,sellable,2261,1,True,False,0
SIM-000409,pilot,display,sellable,3786,2,True,True,0
SIM-000410,standard,housing,sellable,2177,1,True,False,0
SIM-000411,pilot,display,sellable,1986,1,True,False,0
SIM-000412,standard,housing,sellable,2220,1,True,False,0
SIM-000413,standard,housing,sellable,2646,1,True,False,0
SIM-000414,standard,display,sellable,5100,2,True,True,0
SIM-000415,pilot,housing,sellable,4092,2,True,True,0
SIM-000416,standard,housing,sellable,1761,1,True,False,0
SIM-000417,pilot,housing,sellable,1473,1,True,False,0
SIM-000418,pilot,power,sellable,1881,1,True,False,0
SIM-000419,pilot,housing,sellable,1580,1,True,False,0
SIM-000420,standard,housing,sellable,2696,1,True,False,0
SIM-000421,standard,power,sellable,2682,1,True,False,0
SIM-000422,standard,power,scrapped,2740,1,False,False,2740
SIM-000423,standard,display,sellable,2252,1,True,False,0
SIM-000424,pilot,housing,sellable,2295,1,True,False,0
SIM-000425,pilot,housing,scrapped,4099,2,False,True,4099
SIM-000426,standard,display,sellable,2532,1,True,False,0
SIM-000427,standard,power,sellable,2464,1,True,False,0
SIM-000428,pilot,display,sellable,1842,1,True,False,0
SIM-000429,standard,housing,sellable,2429,1,True,False,0
SIM-000430,pilot,display,sellable,4259,2,True,True,0
SIM-000431,pilot,housing,sellable,1833,1,True,False,0
SIM-000432,standard,power,sellable,3664,2,True,True,0
SIM-000433,pilot,housing,sellable,1970,1,True,False,0
SIM-000434,pilot,power,sellable,1976,1,True,False,0
SIM-000435,standard,housing,sellable,4983,2,True,True,0
SIM-000436,pilot,display,sellable,2991,2,True,True,0
SIM-000437,pilot,housing,scrapped,2257,1,False,False,2257
SIM-000438,pilot,power,sellable,1568,1,True,False,0
SIM-000439,pilot,housing,sellable,2205,1,True,False,0
SIM-000440,pilot,housing,sellable,3828,2,True,True,0
SIM-000441,pilot,housing,scrapped,1372,1,False,False,1372
SIM-000442,standard,power,sellable,2060,1,True,False,0
SIM-000443,pilot,display,sellable,2350,1,True,False,0
SIM-000444,standard,power,sellable,2767,1,True,False,0
SIM-000445,pilot,housing,sellable,1618,1,True,False,0
SIM-000446,standard,housing,sellable,2796,1,True,False,0
SIM-000447,pilot,power,sellable,1903,1,True,False,0
SIM-000448,pilot,display,sellable,3427,2,True,True,0
SIM-000449,pilot,display,sellable,2272,1,True,False,0
SIM-000450,standard,housing,sellable,1987,1,True,False,0
SIM-000451,standard,display,sellable,1945,1,True,False,0
SIM-000452,pilot,housing,scrapped,3811,2,False,True,3811
SIM-000453,pilot,power,sellable,3705,2,True,True,0
SIM-000454,pilot,display,sellable,1467,1,True,False,0
SIM-000455,standard,display,sellable,1813,1,True,False,0
SIM-000456,standard,housing,sellable,2512,1,True,False,0
SIM-000457,standard,housing,sellable,2677,1,True,False,0
SIM-000458,pilot,housing,scrapped,1619,1,False,False,1619
SIM-000459,pilot,power,sellable,1992,1,True,False,0
SIM-000460,standard,display,sellable,2500,1,True,False,0
SIM-000461,pilot,housing,sellable,2543,1,True,False,0
SIM-000462,standard,housing,sellable,2517,1,True,False,0
SIM-000463,standard,display,sellable,2223,1,True,False,0
SIM-000464,pilot,housing,sellable,1835,1,True,False,0
SIM-000465,standard,display,sellable,4542,2,True,True,0
SIM-000466,standard,display,sellable,1726,1,True,False,0
SIM-000467,pilot,power,sellable,3773,2,True,True,0
SIM-000468,standard,power,sellable,2587,1,True,False,0
SIM-000469,standard,housing,sellable,2367,1,True,False,0
SIM-000470,pilot,display,sellable,4783,2,True,True,0
SIM-000471,pilot,housing,scrapped,3586,2,False,True,3586
SIM-000472,standard,housing,sellable,2197,1,True,False,0
SIM-000473,standard,housing,sellable,2430,1,True,False,0
SIM-000474,standard,power,sellable,2345,1,True,False,0
SIM-000475,standard,power,sellable,5225,2,True,True,0
SIM-000476,pilot,display,sellable,3225,2,True,True,0
SIM-000477,standard,power,sellable,2408,1,True,False,0
SIM-000478,pilot,housing,sellable,2136,1,True,False,0
SIM-000479,standard,power,sellable,2724,1,True,False,0
SIM-000480,standard,power,sellable,2891,1,True,False,0
SIM-000481,pilot,power,sellable,4573,2,True,True,0
SIM-000482,pilot,power,sellable,3059,2,True,True,0
SIM-000483,pilot,power,sellable,1873,1,True,False,0
SIM-000484,standard,power,sellable,1899,1,True,False,0
SIM-000485,standard,housing,sellable,2532,1,True,False,0
SIM-000486,standard,housing,sellable,2460,1,True,False,0
SIM-000487,pilot,power,sellable,2055,1,True,False,0
SIM-000488,standard,housing,sellable,3032,1,True,False,0
SIM-000489,standard,housing,sellable,2399,1,True,False,0
SIM-000490,standard,housing,sellable,2302,1,True,False,0
SIM-000491,pilot,housing,sellable,2120,1,True,False,0
SIM-000492,standard,housing,sellable,2755,1,True,False,0
SIM-000493,pilot,display,sellable,3980,2,True,True,0
SIM-000494,standard,housing,sellable,2924,1,True,False,0
SIM-000495,pilot,housing,scrapped,2431,1,False,False,2431
SIM-000496,pilot,housing,sellable,1635,1,True,False,0
SIM-000497,standard,power,sellable,2624,1,True,False,0
SIM-000498,pilot,display,sellable,2039,1,True,False,0
SIM-000499,standard,power,sellable,2610,1,True,False,0
SIM-000500,standard,display,sellable,2119,1,True,False,0
SIM-000501,standard,power,sellable,2289,1,True,False,0
SIM-000502,standard,power,sellable,2397,1,True,False,0
SIM-000503,standard,display,sellable,2505,1,True,False,0
SIM-000504,standard,display,sellable,2352,1,True,False,0
SIM-000505,pilot,power,sellable,3937,2,True,True,0
SIM-000506,pilot,display,sellable,1275,1,True,False,0
SIM-000507,standard,display,sellable,2360,1,True,False,0
SIM-000508,pilot,display,sellable,3978,2,True,True,0
SIM-000509,pilot,housing,scrapped,1663,1,False,False,1663
SIM-000510,pilot,housing,sellable,2324,1,True,False,0
SIM-000511,standard,housing,sellable,2694,1,True,False,0
SIM-000512,standard,display,sellable,4989,2,True,True,0
SIM-000513,pilot,housing,sellable,3438,2,True,True,0
SIM-000514,standard,display,sellable,2135,1,True,False,0
SIM-000515,standard,display,sellable,5067,2,True,True,0
SIM-000516,pilot,display,sellable,2964,2,True,True,0
SIM-000517,pilot,display,sellable,1814,1,True,False,0
SIM-000518,pilot,power,sellable,2210,1,True,False,0
SIM-000519,standard,housing,sellable,5136,2,True,True,0
SIM-000520,standard,display,sellable,2845,1,True,False,0
SIM-000521,standard,power,sellable,2695,1,True,False,0
SIM-000522,standard,power,sellable,2291,1,True,False,0
SIM-000523,pilot,power,sellable,2148,1,True,False,0
SIM-000524,standard,housing,sellable,2850,1,True,False,0
SIM-000525,standard,display,sellable,2511,1,True,False,0
SIM-000526,pilot,display,sellable,1496,1,True,False,0
SIM-000527,standard,display,sellable,2150,1,True,False,0
SIM-000528,standard,display,sellable,2102,1,True,False,0
SIM-000529,standard,power,sellable,4896,2,True,True,0
SIM-000530,pilot,housing,sellable,3976,2,True,True,0
SIM-000531,standard,display,sellable,2285,1,True,False,0
SIM-000532,standard,display,sellable,2776,1,True,False,0
SIM-000533,pilot,housing,sellable,1628,1,True,False,0
SIM-000534,standard,display,sellable,2906,1,True,False,0
SIM-000535,pilot,power,scrapped,4222,2,False,True,4222
SIM-000536,pilot,display,scrapped,1669,1,False,False,1669
SIM-000537,standard,power,sellable,2376,1,True,False,0
SIM-000538,standard,housing,scrapped,4560,2,False,True,4560
SIM-000539,standard,power,sellable,2020,1,True,False,0
SIM-000540,standard,display,sellable,2708,1,True,False,0
SIM-000541,pilot,display,sellable,2298,1,True,False,0
SIM-000542,standard,display,sellable,2241,1,True,False,0
SIM-000543,pilot,power,sellable,2244,1,True,False,0
SIM-000544,pilot,housing,scrapped,1957,1,False,False,1957
SIM-000545,pilot,power,sellable,1936,1,True,False,0
SIM-000546,pilot,display,sellable,4031,2,True,True,0
SIM-000547,pilot,display,sellable,2152,1,True,False,0
SIM-000548,pilot,power,sellable,4350,2,True,True,0
SIM-000549,pilot,display,sellable,1382,1,True,False,0
SIM-000550,standard,display,sellable,5045,2,True,True,0
SIM-000551,standard,display,sellable,2195,1,True,False,0
SIM-000552,pilot,housing,scrapped,1616,1,False,False,1616
SIM-000553,standard,display,sellable,2531,1,True,False,0
SIM-000554,pilot,display,sellable,1705,1,True,False,0
SIM-000555,standard,housing,sellable,2619,1,True,False,0
SIM-000556,pilot,power,sellable,1656,1,True,False,0
SIM-000557,pilot,housing,scrapped,4233,2,False,True,4233
SIM-000558,standard,power,sellable,2025,1,True,False,0
SIM-000559,pilot,power,sellable,1609,1,True,False,0
SIM-000560,standard,housing,sellable,2677,1,True,False,0
SIM-000561,pilot,power,scrapped,1764,1,False,False,1764
SIM-000562,pilot,power,sellable,3515,2,True,True,0
SIM-000563,pilot,display,sellable,1614,1,True,False,0
SIM-000564,standard,display,sellable,2526,1,True,False,0
SIM-000565,pilot,housing,sellable,1906,1,True,False,0
SIM-000566,pilot,display,sellable,4422,2,True,True,0
SIM-000567,pilot,display,sellable,2395,1,True,False,0
SIM-000568,pilot,display,sellable,2041,1,True,False,0
SIM-000569,pilot,housing,scrapped,2185,1,False,False,2185
SIM-000570,pilot,housing,sellable,1465,1,True,False,0
SIM-000571,pilot,housing,sellable,1604,1,True,False,0
SIM-000572,standard,display,sellable,5355,2,True,True,0
SIM-000573,pilot,housing,sellable,1456,1,True,False,0
SIM-000574,standard,housing,sellable,2822,1,True,False,0
SIM-000575,pilot,power,sellable,2090,1,True,False,0
SIM-000576,pilot,power,sellable,1292,1,True,False,0
SIM-000577,standard,housing,sellable,2746,1,True,False,0
SIM-000578,pilot,power,sellable,2213,1,True,False,0
SIM-000579,pilot,power,sellable,2132,1,True,False,0
SIM-000580,pilot,housing,sellable,2356,1,True,False,0
SIM-000581,pilot,housing,sellable,1719,1,True,False,0
SIM-000582,standard,housing,sellable,2533,1,True,False,0
SIM-000583,standard,housing,sellable,2382,1,True,False,0
SIM-000584,pilot,power,sellable,1880,1,True,False,0
SIM-000585,pilot,power,sellable,4008,2,True,True,0
SIM-000586,pilot,display,sellable,3722,2,True,True,0
SIM-000587,standard,housing,sellable,4195,2,True,True,0
SIM-000588,standard,power,sellable,2251,1,True,False,0
SIM-000589,pilot,power,sellable,1804,1,True,False,0
SIM-000590,pilot,display,sellable,3184,2,True,True,0
SIM-000591,standard,housing,sellable,2621,1,True,False,0
SIM-000592,pilot,display,sellable,1668,1,True,False,0
SIM-000593,pilot,power,sellable,1977,1,True,False,0
SIM-000594,pilot,power,sellable,1857,1,True,False,0
SIM-000595,standard,power,sellable,2072,1,True,False,0
SIM-000596,standard,display,sellable,2552,1,True,False,0
SIM-000597,pilot,display,sellable,1626,1,True,False,0
SIM-000598,standard,display,sellable,2173,1,True,False,0
SIM-000599,pilot,housing,scrapped,1506,1,False,False,1506
SIM-000600,pilot,power,sellable,1444,1,True,False,0
SIM-000601,pilot,display,sellable,1482,1,True,False,0
SIM-000602,pilot,housing,sellable,1716,1,True,False,0
SIM-000603,pilot,display,sellable,2172,1,True,False,0
SIM-000604,standard,housing,sellable,4941,2,True,True,0
SIM-000605,standard,power,sellable,2781,1,True,False,0
SIM-000606,standard,power,sellable,1914,1,True,False,0
SIM-000607,pilot,display,sellable,1679,1,True,False,0
SIM-000608,standard,power,sellable,2297,1,True,False,0
SIM-000609,pilot,power,sellable,1930,1,True,False,0
SIM-000610,standard,housing,sellable,2259,1,True,False,0
SIM-000611,standard,power,sellable,2737,1,True,False,0
SIM-000612,pilot,power,sellable,3838,2,True,True,0
SIM-000613,pilot,display,sellable,4039,2,True,True,0
SIM-000614,standard,display,sellable,4740,2,True,True,0
SIM-000615,standard,power,sellable,2323,1,True,False,0
SIM-000616,pilot,power,sellable,1905,1,True,False,0
SIM-000617,standard,power,sellable,1825,1,True,False,0
SIM-000618,standard,power,sellable,3157,1,True,False,0
SIM-000619,standard,display,sellable,2881,1,True,False,0
SIM-000620,pilot,display,sellable,2223,1,True,False,0
SIM-000621,pilot,display,sellable,1995,1,True,False,0
SIM-000622,standard,display,sellable,3008,1,True,False,0
SIM-000623,standard,housing,sellable,2716,1,True,False,0
SIM-000624,pilot,power,sellable,2235,1,True,False,0
SIM-000625,standard,housing,sellable,2693,1,True,False,0
SIM-000626,pilot,housing,scrapped,1518,1,False,False,1518
SIM-000627,standard,display,sellable,2916,1,True,False,0
SIM-000628,pilot,housing,scrapped,2092,1,False,False,2092
SIM-000629,standard,housing,sellable,2162,1,True,False,0
SIM-000630,pilot,housing,scrapped,4172,2,False,True,4172
SIM-000631,standard,power,sellable,5512,2,True,True,0
SIM-000632,pilot,display,sellable,1851,1,True,False,0
SIM-000633,pilot,power,sellable,2249,1,True,False,0
SIM-000634,pilot,power,sellable,1657,1,True,False,0
SIM-000635,standard,housing,sellable,2698,1,True,False,0
SIM-000636,pilot,power,sellable,2211,1,True,False,0
SIM-000637,standard,display,sellable,2061,1,True,False,0
SIM-000638,standard,housing,sellable,3055,1,True,False,0
SIM-000639,pilot,display,sellable,3967,2,True,True,0
SIM-000640,standard,housing,sellable,2412,1,True,False,0
SIM-000641,standard,display,sellable,2786,1,True,False,0
SIM-000642,pilot,housing,sellable,2007,1,True,False,0
SIM-000643,pilot,power,sellable,2259,1,True,False,0
SIM-000644,standard,display,sellable,1821,1,True,False,0
SIM-000645,pilot,housing,scrapped,1861,1,False,False,1861
SIM-000646,standard,housing,sellable,2868,1,True,False,0
SIM-000647,standard,display,sellable,4382,2,True,True,0
SIM-000648,pilot,power,sellable,2390,1,True,False,0
SIM-000649,pilot,display,sellable,1494,1,True,False,0
SIM-000650,pilot,housing,sellable,2207,1,True,False,0
SIM-000651,standard,power,sellable,1944,1,True,False,0
SIM-000652,standard,power,sellable,2236,1,True,False,0
SIM-000653,pilot,power,sellable,1931,1,True,False,0
SIM-000654,pilot,power,sellable,2371,1,True,False,0
SIM-000655,pilot,housing,sellable,2377,1,True,False,0
SIM-000656,standard,housing,sellable,2921,1,True,False,0
SIM-000657,standard,power,sellable,2708,1,True,False,0
SIM-000658,pilot,display,sellable,3206,2,True,True,0
SIM-000659,standard,housing,sellable,2821,1,True,False,0
SIM-000660,standard,display,sellable,2270,1,True,False,0
SIM-000661,standard,housing,sellable,2595,1,True,False,0
SIM-000662,standard,display,sellable,2855,1,True,False,0
SIM-000663,standard,display,sellable,2439,1,True,False,0
SIM-000664,pilot,power,sellable,2249,1,True,False,0
SIM-000665,pilot,power,sellable,1793,1,True,False,0
SIM-000666,standard,display,sellable,2474,1,True,False,0
SIM-000667,standard,power,sellable,2192,1,True,False,0
SIM-000668,standard,display,scrapped,2311,1,False,False,2311
SIM-000669,standard,housing,sellable,2845,1,True,False,0
SIM-000670,pilot,housing,sellable,2224,1,True,False,0
SIM-000671,standard,power,sellable,2269,1,True,False,0
SIM-000672,pilot,housing,scrapped,3139,2,False,True,3139
SIM-000673,pilot,display,sellable,2173,1,True,False,0
SIM-000674,standard,display,sellable,2417,1,True,False,0
SIM-000675,standard,power,sellable,2058,1,True,False,0
SIM-000676,standard,display,sellable,2468,1,True,False,0
SIM-000677,standard,display,sellable,2864,1,True,False,0
SIM-000678,pilot,housing,scrapped,3049,2,False,True,3049
SIM-000679,standard,housing,sellable,4444,2,True,True,0
SIM-000680,standard,power,sellable,5255,2,True,True,0
SIM-000681,pilot,power,sellable,2217,1,True,False,0
SIM-000682,pilot,housing,sellable,1979,1,True,False,0
SIM-000683,standard,housing,sellable,2817,1,True,False,0
SIM-000684,pilot,housing,sellable,2238,1,True,False,0
SIM-000685,standard,housing,sellable,2537,1,True,False,0
SIM-000686,pilot,power,sellable,4218,2,True,True,0
SIM-000687,pilot,housing,scrapped,2408,1,False,False,2408
SIM-000688,standard,display,sellable,2312,1,True,False,0
SIM-000689,pilot,display,sellable,2232,1,True,False,0
SIM-000690,pilot,power,sellable,1671,1,True,False,0
SIM-000691,standard,display,sellable,2369,1,True,False,0
SIM-000692,standard,power,sellable,2503,1,True,False,0
SIM-000693,standard,display,sellable,2221,1,True,False,0
SIM-000694,standard,power,sellable,4198,2,True,True,0
SIM-000695,standard,housing,sellable,2879,1,True,False,0
SIM-000696,pilot,power,sellable,3687,2,True,True,0
SIM-000697,standard,power,sellable,2614,1,True,False,0
SIM-000698,pilot,housing,sellable,2120,1,True,False,0
SIM-000699,standard,power,sellable,2912,1,True,False,0
SIM-000700,standard,power,sellable,2043,1,True,False,0
SIM-000701,standard,power,sellable,5095,2,True,True,0
SIM-000702,standard,power,sellable,3132,1,True,False,0
SIM-000703,standard,housing,sellable,2541,1,True,False,0
SIM-000704,standard,display,sellable,5006,2,True,True,0
SIM-000705,pilot,power,sellable,1559,1,True,False,0
SIM-000706,standard,power,scrapped,2225,1,False,False,2225
SIM-000707,pilot,display,sellable,2436,1,True,False,0
SIM-000708,standard,housing,sellable,2365,1,True,False,0
SIM-000709,pilot,housing,scrapped,3753,2,False,True,3753
SIM-000710,pilot,display,sellable,1530,1,True,False,0
SIM-000711,pilot,power,sellable,1882,1,True,False,0
SIM-000712,standard,display,sellable,2486,1,True,False,0
SIM-000713,pilot,housing,sellable,4072,2,True,True,0
SIM-000714,standard,display,sellable,2338,1,True,False,0
SIM-000715,pilot,housing,scrapped,3664,2,False,True,3664
SIM-000716,standard,display,sellable,2581,1,True,False,0
SIM-000717,standard,housing,scrapped,2819,1,False,False,2819
SIM-000718,standard,housing,sellable,2291,1,True,False,0
SIM-000719,standard,display,scrapped,2439,1,False,False,2439
SIM-000720,standard,display,sellable,2095,1,True,False,0
SIM-000721,standard,display,scrapped,1905,1,False,False,1905
SIM-000722,pilot,power,sellable,1739,1,True,False,0
SIM-000723,pilot,housing,sellable,1473,1,True,False,0
SIM-000724,standard,power,sellable,2660,1,True,False,0
SIM-000725,standard,power,sellable,2879,1,True,False,0
SIM-000726,standard,display,sellable,2695,1,True,False,0
SIM-000727,pilot,housing,sellable,2091,1,True,False,0
SIM-000728,pilot,display,sellable,1784,1,True,False,0
SIM-000729,standard,power,sellable,2528,1,True,False,0
SIM-000730,standard,housing,sellable,2321,1,True,False,0
SIM-000731,standard,display,sellable,2640,1,True,False,0
SIM-000732,standard,power,sellable,2284,1,True,False,0
SIM-000733,pilot,power,sellable,3976,2,True,True,0
SIM-000734,pilot,housing,sellable,2386,1,True,False,0
SIM-000735,standard,display,sellable,2588,1,True,False,0
SIM-000736,pilot,power,sellable,2189,1,True,False,0
SIM-000737,standard,housing,sellable,2331,1,True,False,0
SIM-000738,pilot,housing,scrapped,1729,1,False,False,1729
SIM-000739,pilot,display,sellable,2279,1,True,False,0
SIM-000740,standard,power,scrapped,2777,1,False,False,2777
SIM-000741,pilot,display,sellable,1517,1,True,False,0
SIM-000742,pilot,display,sellable,1215,1,True,False,0
SIM-000743,standard,power,scrapped,2574,1,False,False,2574
SIM-000744,standard,display,sellable,3131,1,True,False,0
SIM-000745,pilot,display,sellable,1566,1,True,False,0
SIM-000746,standard,housing,scrapped,4882,2,False,True,4882
SIM-000747,pilot,display,sellable,4110,2,True,True,0
SIM-000748,standard,display,sellable,2566,1,True,False,0
SIM-000749,pilot,housing,sellable,1844,1,True,False,0
SIM-000750,standard,housing,sellable,1962,1,True,False,0
SIM-000751,pilot,housing,scrapped,1691,1,False,False,1691
SIM-000752,pilot,housing,sellable,3444,2,True,True,0
SIM-000753,pilot,display,sellable,1763,1,True,False,0
SIM-000754,pilot,power,sellable,1917,1,True,False,0
SIM-000755,standard,display,sellable,2916,1,True,False,0
SIM-000756,standard,power,sellable,2316,1,True,False,0
SIM-000757,pilot,display,sellable,1741,1,True,False,0
SIM-000758,pilot,housing,sellable,4456,2,True,True,0
SIM-000759,pilot,display,sellable,1346,1,True,False,0
SIM-000760,pilot,power,sellable,3984,2,True,True,0
SIM-000761,pilot,housing,scrapped,1969,1,False,False,1969
SIM-000762,pilot,display,scrapped,4355,2,False,True,4355
SIM-000763,standard,display,sellable,5123,2,True,True,0
SIM-000764,standard,housing,sellable,2073,1,True,False,0
SIM-000765,pilot,display,sellable,2223,1,True,False,0
SIM-000766,standard,display,sellable,2147,1,True,False,0
SIM-000767,standard,display,sellable,2784,1,True,False,0
SIM-000768,pilot,display,sellable,2249,1,True,False,0
SIM-000769,pilot,housing,scrapped,4078,2,False,True,4078
SIM-000770,standard,power,sellable,2715,1,True,False,0
SIM-000771,standard,housing,sellable,1973,1,True,False,0
SIM-000772,standard,power,sellable,3049,1,True,False,0
SIM-000773,standard,housing,sellable,2656,1,True,False,0
SIM-000774,standard,power,sellable,2220,1,True,False,0
SIM-000775,standard,display,sellable,2195,1,True,False,0
SIM-000776,pilot,housing,sellable,1994,1,True,False,0
SIM-000777,pilot,power,sellable,2279,1,True,False,0
SIM-000778,standard,housing,sellable,2983,1,True,False,0
SIM-000779,pilot,display,sellable,1789,1,True,False,0
SIM-000780,pilot,display,sellable,4177,2,True,True,0
SIM-000781,standard,housing,sellable,2061,1,True,False,0
SIM-000782,standard,housing,scrapped,2629,1,False,False,2629
SIM-000783,standard,power,sellable,2226,1,True,False,0
SIM-000784,standard,housing,sellable,2253,1,True,False,0
SIM-000785,pilot,display,scrapped,1740,1,False,False,1740
SIM-000786,pilot,power,sellable,3340,2,True,True,0
SIM-000787,standard,power,sellable,2076,1,True,False,0
SIM-000788,pilot,power,sellable,2044,1,True,False,0
SIM-000789,standard,display,sellable,1899,1,True,False,0
SIM-000790,standard,display,sellable,2701,1,True,False,0
SIM-000791,pilot,power,sellable,1628,1,True,False,0
SIM-000792,pilot,housing,sellable,1458,1,True,False,0
SIM-000793,pilot,display,sellable,2206,1,True,False,0
SIM-000794,pilot,display,sellable,2087,1,True,False,0
SIM-000795,standard,power,sellable,2787,1,True,False,0
SIM-000796,pilot,display,sellable,3843,2,True,True,0
SIM-000797,pilot,power,sellable,1345,1,True,False,0
SIM-000798,standard,housing,sellable,1899,1,True,False,0
SIM-000799,pilot,display,sellable,2490,1,True,False,0
SIM-000800,standard,display,sellable,2633,1,True,False,0
SIM-000801,pilot,housing,scrapped,1928,1,False,False,1928
SIM-000802,pilot,housing,sellable,3828,2,True,True,0
SIM-000803,pilot,housing,sellable,1334,1,True,False,0
SIM-000804,pilot,display,sellable,1906,1,True,False,0
SIM-000805,standard,display,sellable,1791,1,True,False,0
SIM-000806,standard,power,sellable,2891,1,True,False,0
SIM-000807,pilot,housing,sellable,3678,2,True,True,0
SIM-000808,standard,display,sellable,2292,1,True,False,0
SIM-000809,pilot,housing,sellable,1779,1,True,False,0
SIM-000810,pilot,display,sellable,3521,2,True,True,0
SIM-000811,standard,housing,sellable,2371,1,True,False,0
SIM-000812,standard,housing,sellable,2890,1,True,False,0
SIM-000813,standard,housing,sellable,2261,1,True,False,0
SIM-000814,pilot,display,sellable,1631,1,True,False,0
SIM-000815,standard,display,sellable,1880,1,True,False,0
SIM-000816,pilot,housing,scrapped,1572,1,False,False,1572
SIM-000817,standard,housing,sellable,2942,1,True,False,0
SIM-000818,pilot,housing,sellable,2542,1,True,False,0
SIM-000819,pilot,display,scrapped,4045,2,False,True,4045
SIM-000820,standard,housing,sellable,2612,1,True,False,0
SIM-000821,pilot,display,sellable,1708,1,True,False,0
SIM-000822,standard,housing,sellable,2101,1,True,False,0
SIM-000823,pilot,display,sellable,2063,1,True,False,0
SIM-000824,standard,housing,sellable,2281,1,True,False,0
SIM-000825,pilot,display,sellable,2125,1,True,False,0
SIM-000826,standard,power,sellable,2380,1,True,False,0
SIM-000827,standard,housing,sellable,3014,1,True,False,0
SIM-000828,standard,display,sellable,2334,1,True,False,0
SIM-000829,standard,housing,sellable,2030,1,True,False,0
SIM-000830,pilot,display,sellable,2066,1,True,False,0
SIM-000831,pilot,housing,scrapped,1854,1,False,False,1854
SIM-000832,standard,display,sellable,2386,1,True,False,0
SIM-000833,pilot,housing,sellable,3235,2,True,True,0
SIM-000834,pilot,display,sellable,1216,1,True,False,0
SIM-000835,standard,housing,sellable,1755,1,True,False,0
SIM-000836,standard,power,sellable,2571,1,True,False,0
SIM-000837,pilot,power,sellable,2354,1,True,False,0
SIM-000838,pilot,display,sellable,1922,1,True,False,0
SIM-000839,standard,housing,sellable,2549,1,True,False,0
SIM-000840,pilot,housing,scrapped,4430,2,False,True,4430
SIM-000841,standard,display,sellable,1802,1,True,False,0
SIM-000842,standard,housing,scrapped,2620,1,False,False,2620
SIM-000843,standard,display,sellable,2673,1,True,False,0
SIM-000844,pilot,display,sellable,3941,2,True,True,0
SIM-000845,standard,housing,sellable,1902,1,True,False,0
SIM-000846,standard,display,sellable,2451,1,True,False,0
SIM-000847,pilot,power,sellable,3919,2,True,True,0
SIM-000848,pilot,display,sellable,1657,1,True,False,0
SIM-000849,pilot,display,sellable,1778,1,True,False,0
SIM-000850,pilot,housing,sellable,3428,2,True,True,0
SIM-000851,pilot,housing,sellable,1596,1,True,False,0
SIM-000852,pilot,housing,sellable,2057,1,True,False,0
SIM-000853,pilot,power,sellable,1582,1,True,False,0
SIM-000854,standard,display,sellable,2797,1,True,False,0
SIM-000855,pilot,display,sellable,1554,1,True,False,0
SIM-000856,pilot,housing,scrapped,1590,1,False,False,1590
SIM-000857,standard,display,sellable,2006,1,True,False,0
SIM-000858,standard,housing,sellable,2244,1,True,False,0
SIM-000859,pilot,power,sellable,1386,1,True,False,0
SIM-000860,standard,housing,sellable,2241,1,True,False,0
SIM-000861,standard,display,sellable,2217,1,True,False,0
SIM-000862,standard,display,sellable,5897,2,True,True,0
SIM-000863,pilot,power,sellable,2248,1,True,False,0
SIM-000864,pilot,power,sellable,2133,1,True,False,0
SIM-000865,standard,display,sellable,2369,1,True,False,0
SIM-000866,pilot,display,sellable,3403,2,True,True,0
SIM-000867,pilot,display,sellable,1607,1,True,False,0
SIM-000868,standard,display,sellable,2622,1,True,False,0
SIM-000869,standard,display,sellable,2782,1,True,False,0
SIM-000870,standard,housing,sellable,2700,1,True,False,0
SIM-000871,pilot,housing,sellable,3653,2,True,True,0
SIM-000872,standard,display,sellable,5651,2,True,True,0
SIM-000873,standard,housing,sellable,2471,1,True,False,0
SIM-000874,standard,housing,sellable,2015,1,True,False,0
SIM-000875,standard,display,sellable,2475,1,True,False,0
SIM-000876,standard,display,sellable,2123,1,True,False,0
SIM-000877,pilot,housing,sellable,1726,1,True,False,0
SIM-000878,standard,housing,sellable,2578,1,True,False,0
SIM-000879,standard,power,sellable,4717,2,True,True,0
SIM-000880,pilot,power,sellable,1378,1,True,False,0
SIM-000881,pilot,display,sellable,2396,1,True,False,0
SIM-000882,pilot,display,sellable,1792,1,True,False,0
SIM-000883,pilot,display,sellable,3402,2,True,True,0
SIM-000884,standard,power,sellable,2551,1,True,False,0
SIM-000885,pilot,power,scrapped,1834,1,False,False,1834
SIM-000886,pilot,housing,sellable,1579,1,True,False,0
SIM-000887,standard,power,sellable,2250,1,True,False,0
SIM-000888,standard,display,sellable,3116,1,True,False,0
SIM-000889,standard,power,sellable,2459,1,True,False,0
SIM-000890,pilot,display,sellable,4270,2,True,True,0
SIM-000891,pilot,power,sellable,1610,1,True,False,0
SIM-000892,pilot,power,sellable,1972,1,True,False,0
SIM-000893,standard,power,scrapped,2329,1,False,False,2329
SIM-000894,pilot,power,sellable,1870,1,True,False,0
SIM-000895,pilot,power,sellable,1419,1,True,False,0
SIM-000896,standard,display,sellable,2290,1,True,False,0
SIM-000897,standard,housing,sellable,2069,1,True,False,0
SIM-000898,pilot,display,sellable,1871,1,True,False,0
SIM-000899,pilot,housing,sellable,1665,1,True,False,0
SIM-000900,standard,housing,sellable,2772,1,True,False,0
SIM-000901,pilot,housing,scrapped,1990,1,False,False,1990
SIM-000902,pilot,power,sellable,4093,2,True,True,0
SIM-000903,pilot,display,sellable,1472,1,True,False,0
SIM-000904,standard,power,sellable,2422,1,True,False,0
SIM-000905,standard,power,sellable,2322,1,True,False,0
SIM-000906,pilot,housing,sellable,1291,1,True,False,0
SIM-000907,pilot,housing,sellable,1970,1,True,False,0
SIM-000908,pilot,housing,sellable,1343,1,True,False,0
SIM-000909,pilot,display,sellable,1701,1,True,False,0
SIM-000910,pilot,power,sellable,2742,2,True,True,0
SIM-000911,pilot,display,sellable,3703,2,True,True,0
SIM-000912,pilot,power,sellable,1418,1,True,False,0
SIM-000913,standard,display,sellable,2763,1,True,False,0
SIM-000914,standard,power,sellable,2512,1,True,False,0
SIM-000915,pilot,display,sellable,3907,2,True,True,0
SIM-000916,standard,display,sellable,5484,2,True,True,0
SIM-000917,pilot,display,sellable,1815,1,True,False,0
SIM-000918,pilot,display,sellable,1461,1,True,False,0
SIM-000919,pilot,power,sellable,2181,1,True,False,0
SIM-000920,pilot,display,sellable,1909,1,True,False,0
SIM-000921,standard,housing,sellable,2203,1,True,False,0
SIM-000922,standard,power,scrapped,2567,1,False,False,2567
SIM-000923,pilot,power,sellable,1333,1,True,False,0
SIM-000924,standard,power,sellable,2263,1,True,False,0
SIM-000925,pilot,power,sellable,1714,1,True,False,0
SIM-000926,standard,housing,sellable,2374,1,True,False,0
SIM-000927,standard,housing,sellable,2674,1,True,False,0
SIM-000928,pilot,power,sellable,1632,1,True,False,0
SIM-000929,standard,housing,sellable,2260,1,True,False,0
SIM-000930,pilot,housing,sellable,1651,1,True,False,0
SIM-000931,standard,display,sellable,2110,1,True,False,0
SIM-000932,standard,housing,sellable,2325,1,True,False,0
SIM-000933,pilot,display,sellable,1894,1,True,False,0
SIM-000934,pilot,power,sellable,1950,1,True,False,0
SIM-000935,standard,power,sellable,2652,1,True,False,0
SIM-000936,standard,housing,sellable,3116,1,True,False,0
SIM-000937,standard,display,sellable,2791,1,True,False,0
SIM-000938,pilot,housing,scrapped,1524,1,False,False,1524
SIM-000939,standard,display,sellable,2861,1,True,False,0
SIM-000940,pilot,power,sellable,3274,2,True,True,0
SIM-000941,standard,power,sellable,4593,2,True,True,0
SIM-000942,standard,power,sellable,1971,1,True,False,0
SIM-000943,standard,housing,sellable,2696,1,True,False,0
SIM-000944,pilot,housing,sellable,3849,2,True,True,0
SIM-000945,standard,display,sellable,1950,1,True,False,0
SIM-000946,standard,housing,scrapped,2336,1,False,False,2336
SIM-000947,standard,display,sellable,2189,1,True,False,0
SIM-000948,pilot,housing,sellable,1284,1,True,False,0
SIM-000949,standard,housing,sellable,5130,2,True,True,0
SIM-000950,pilot,housing,scrapped,1606,1,False,False,1606
SIM-000951,standard,power,sellable,2496,1,True,False,0
SIM-000952,standard,power,sellable,4667,2,True,True,0
SIM-000953,pilot,power,sellable,1743,1,True,False,0
SIM-000954,pilot,power,sellable,1370,1,True,False,0
SIM-000955,pilot,display,sellable,1930,1,True,False,0
SIM-000956,standard,power,sellable,1927,1,True,False,0
SIM-000957,standard,display,sellable,2762,1,True,False,0
SIM-000958,pilot,housing,sellable,3213,2,True,True,0
SIM-000959,standard,housing,sellable,1761,1,True,False,0
SIM-000960,pilot,power,sellable,2296,1,True,False,0
SIM-000961,standard,power,sellable,2948,1,True,False,0
SIM-000962,pilot,power,sellable,1844,1,True,False,0
SIM-000963,pilot,housing,sellable,3504,2,True,True,0
SIM-000964,standard,power,sellable,1914,1,True,False,0
SIM-000965,standard,display,scrapped,2459,1,False,False,2459
SIM-000966,pilot,display,sellable,2028,1,True,False,0
SIM-000967,pilot,power,sellable,1629,1,True,False,0
SIM-000968,standard,housing,sellable,2494,1,True,False,0
SIM-000969,pilot,display,sellable,4615,2,True,True,0
SIM-000970,standard,power,sellable,2691,1,True,False,0
SIM-000971,standard,housing,sellable,2922,1,True,False,0
SIM-000972,pilot,housing,scrapped,1408,1,False,False,1408
SIM-000973,pilot,display,sellable,3674,2,True,True,0
SIM-000974,pilot,power,sellable,1984,1,True,False,0
SIM-000975,pilot,housing,sellable,3477,2,True,True,0
SIM-000976,standard,display,sellable,2928,1,True,False,0
SIM-000977,pilot,power,sellable,3784,2,True,True,0
SIM-000978,pilot,housing,sellable,3278,2,True,True,0
SIM-000979,standard,power,sellable,2486,1,True,False,0
SIM-000980,standard,housing,sellable,2581,1,True,False,0
SIM-000981,standard,housing,sellable,2789,1,True,False,0
SIM-000982,standard,housing,sellable,2812,1,True,False,0
SIM-000983,standard,power,sellable,2343,1,True,False,0
SIM-000984,standard,power,sellable,2385,1,True,False,0
SIM-000985,pilot,display,sellable,1395,1,True,False,0
SIM-000986,standard,power,sellable,2414,1,True,False,0
SIM-000987,pilot,power,scrapped,1821,1,False,False,1821
SIM-000988,standard,power,sellable,2621,1,True,False,0
SIM-000989,pilot,power,sellable,4056,2,True,True,0
SIM-000990,standard,housing,sellable,2228,1,True,False,0
SIM-000991,pilot,display,sellable,4009,2,True,True,0
SIM-000992,pilot,housing,sellable,2073,1,True,False,0
SIM-000993,standard,housing,sellable,2759,1,True,False,0
SIM-000994,pilot,power,sellable,4079,2,True,True,0
SIM-000995,pilot,power,sellable,1661,1,True,False,0
SIM-000996,pilot,housing,scrapped,2480,1,False,False,2480
SIM-000997,pilot,power,sellable,2138,1,True,False,0
SIM-000998,pilot,display,sellable,2026,1,True,False,0
SIM-000999,pilot,housing,sellable,2390,1,True,False,0
SIM-001000,pilot,display,sellable,2056,1,True,False,0
SIM-001001,pilot,display,sellable,4198,2,True,True,0
SIM-001002,pilot,power,sellable,1558,1,True,False,0
SIM-001003,standard,display,sellable,2020,1,True,False,0
SIM-001004,pilot,display,sellable,3887,2,True,True,0
SIM-001005,pilot,power,sellable,4253,2,True,True,0
SIM-001006,pilot,housing,sellable,2249,1,True,False,0
SIM-001007,pilot,power,scrapped,2180,1,False,False,2180
SIM-001008,pilot,power,sellable,2287,1,True,False,0
SIM-001009,pilot,display,sellable,2433,1,True,False,0
SIM-001010,standard,housing,sellable,2551,1,True,False,0
SIM-001011,pilot,housing,scrapped,3761,2,False,True,3761
SIM-001012,pilot,housing,sellable,1630,1,True,False,0
SIM-001013,standard,display,sellable,2803,1,True,False,0
SIM-001014,pilot,housing,sellable,2559,1,True,False,0
SIM-001015,standard,display,sellable,2083,1,True,False,0
SIM-001016,pilot,display,sellable,1854,1,True,False,0
SIM-001017,standard,power,sellable,2168,1,True,False,0
SIM-001018,pilot,housing,sellable,2254,1,True,False,0
SIM-001019,pilot,housing,sellable,3091,2,True,True,0
SIM-001020,pilot,display,sellable,3610,2,True,True,0
SIM-001021,pilot,display,sellable,1941,1,True,False,0
SIM-001022,pilot,power,sellable,2344,1,True,False,0
SIM-001023,standard,power,sellable,2838,1,True,False,0
SIM-001024,pilot,power,scrapped,2260,1,False,False,2260
SIM-001025,standard,housing,sellable,2215,1,True,False,0
SIM-001026,pilot,power,sellable,4398,2,True,True,0
SIM-001027,standard,housing,sellable,2570,1,True,False,0
SIM-001028,standard,housing,sellable,2367,1,True,False,0
SIM-001029,standard,power,sellable,3097,1,True,False,0
SIM-001030,standard,display,sellable,2823,1,True,False,0
SIM-001031,pilot,power,sellable,3954,2,True,True,0
SIM-001032,standard,power,sellable,4847,2,True,True,0
SIM-001033,standard,housing,sellable,3110,1,True,False,0
SIM-001034,standard,housing,sellable,3065,1,True,False,0
SIM-001035,pilot,display,sellable,2192,1,True,False,0
SIM-001036,pilot,power,sellable,1775,1,True,False,0
SIM-001037,pilot,display,sellable,2030,1,True,False,0
SIM-001038,pilot,housing,sellable,1955,1,True,False,0
SIM-001039,pilot,display,sellable,1732,1,True,False,0
SIM-001040,standard,display,sellable,2672,1,True,False,0
SIM-001041,standard,housing,sellable,2363,1,True,False,0
SIM-001042,standard,housing,sellable,2557,1,True,False,0
SIM-001043,standard,housing,sellable,2364,1,True,False,0
SIM-001044,pilot,housing,sellable,1981,1,True,False,0
SIM-001045,standard,power,sellable,2482,1,True,False,0
SIM-001046,standard,housing,sellable,2055,1,True,False,0
SIM-001047,pilot,display,sellable,2339,1,True,False,0
SIM-001048,standard,display,sellable,2480,1,True,False,0
SIM-001049,pilot,power,sellable,1457,1,True,False,0
SIM-001050,pilot,housing,sellable,4035,2,True,True,0
SIM-001051,pilot,display,sellable,1895,1,True,False,0
SIM-001052,standard,display,sellable,2230,1,True,False,0
SIM-001053,pilot,display,sellable,2226,1,True,False,0
SIM-001054,pilot,power,sellable,1533,1,True,False,0
SIM-001055,standard,housing,sellable,2335,1,True,False,0
SIM-001056,pilot,display,sellable,4147,2,True,True,0
SIM-001057,pilot,power,sellable,1395,1,True,False,0
SIM-001058,standard,display,sellable,2063,1,True,False,0
SIM-001059,standard,housing,sellable,2560,1,True,False,0
SIM-001060,pilot,display,sellable,2053,1,True,False,0
SIM-001061,standard,power,sellable,3099,1,True,False,0
SIM-001062,pilot,housing,scrapped,1599,1,False,False,1599
SIM-001063,pilot,housing,sellable,2201,1,True,False,0
SIM-001064,standard,housing,sellable,2113,1,True,False,0
SIM-001065,standard,power,sellable,2687,1,True,False,0
SIM-001066,standard,housing,sellable,2867,1,True,False,0
SIM-001067,standard,display,scrapped,2486,1,False,False,2486
SIM-001068,pilot,display,sellable,1744,1,True,False,0
SIM-001069,standard,display,scrapped,4548,2,False,True,4548
SIM-001070,pilot,power,sellable,3630,2,True,True,0
SIM-001071,standard,display,sellable,2556,1,True,False,0
SIM-001072,standard,power,scrapped,2490,1,False,False,2490
SIM-001073,standard,display,sellable,2034,1,True,False,0
SIM-001074,pilot,power,sellable,2094,1,True,False,0
SIM-001075,standard,display,sellable,2431,1,True,False,0
SIM-001076,standard,power,sellable,5336,2,True,True,0
SIM-001077,pilot,display,sellable,2213,1,True,False,0
SIM-001078,standard,housing,sellable,2428,1,True,False,0
SIM-001079,pilot,housing,sellable,1712,1,True,False,0
SIM-001080,pilot,power,sellable,1376,1,True,False,0
SIM-001081,standard,power,scrapped,5130,2,False,True,5130
SIM-001082,standard,power,sellable,2903,1,True,False,0
SIM-001083,pilot,display,sellable,1662,1,True,False,0
SIM-001084,pilot,power,sellable,4483,2,True,True,0
SIM-001085,standard,power,sellable,2567,1,True,False,0
SIM-001086,standard,display,sellable,2349,1,True,False,0
SIM-001087,standard,housing,sellable,2661,1,True,False,0
SIM-001088,standard,housing,sellable,1910,1,True,False,0
SIM-001089,pilot,housing,scrapped,2157,1,False,False,2157
SIM-001090,standard,housing,sellable,2556,1,True,False,0
SIM-001091,pilot,housing,scrapped,3051,2,False,True,3051
SIM-001092,pilot,housing,scrapped,2181,1,False,False,2181
SIM-001093,standard,power,sellable,5440,2,True,True,0
SIM-001094,pilot,power,sellable,4314,2,True,True,0
SIM-001095,standard,display,sellable,2517,1,True,False,0
SIM-001096,pilot,display,sellable,3328,2,True,True,0
SIM-001097,standard,housing,sellable,2283,1,True,False,0
SIM-001098,pilot,power,sellable,4682,2,True,True,0
SIM-001099,pilot,power,sellable,1369,1,True,False,0
SIM-001100,pilot,display,sellable,1711,1,True,False,0
SIM-001101,pilot,display,sellable,1473,1,True,False,0
SIM-001102,standard,display,sellable,5200,2,True,True,0
SIM-001103,pilot,housing,sellable,3690,2,True,True,0
SIM-001104,standard,power,sellable,2234,1,True,False,0
SIM-001105,standard,housing,sellable,2308,1,True,False,0
SIM-001106,standard,housing,scrapped,4819,2,False,True,4819
SIM-001107,standard,power,sellable,5040,2,True,True,0
SIM-001108,pilot,power,sellable,1869,1,True,False,0
SIM-001109,pilot,power,sellable,1730,1,True,False,0
SIM-001110,standard,display,sellable,2247,1,True,False,0
SIM-001111,standard,power,sellable,2327,1,True,False,0
SIM-001112,standard,housing,sellable,2630,1,True,False,0
SIM-001113,pilot,display,sellable,1896,1,True,False,0
SIM-001114,pilot,display,sellable,4095,2,True,True,0
SIM-001115,pilot,power,sellable,3261,2,True,True,0
SIM-001116,pilot,display,sellable,3743,2,True,True,0
SIM-001117,standard,housing,sellable,2601,1,True,False,0
SIM-001118,standard,display,sellable,4436,2,True,True,0
SIM-001119,standard,display,scrapped,2573,1,False,False,2573
SIM-001120,pilot,display,sellable,2077,1,True,False,0
SIM-001121,standard,display,scrapped,2247,1,False,False,2247
SIM-001122,standard,power,sellable,2110,1,True,False,0
SIM-001123,standard,display,sellable,1749,1,True,False,0
SIM-001124,pilot,housing,scrapped,2018,1,False,False,2018
SIM-001125,pilot,housing,scrapped,1686,1,False,False,1686
SIM-001126,standard,housing,sellable,2750,1,True,False,0
SIM-001127,pilot,housing,scrapped,2868,2,False,True,2868
SIM-001128,standard,power,sellable,2416,1,True,False,0
SIM-001129,pilot,display,sellable,2307,1,True,False,0
SIM-001130,pilot,housing,sellable,4484,2,True,True,0
SIM-001131,pilot,power,sellable,1789,1,True,False,0
SIM-001132,standard,power,sellable,2741,1,True,False,0
SIM-001133,standard,display,sellable,2749,1,True,False,0
SIM-001134,pilot,display,sellable,1451,1,True,False,0
SIM-001135,pilot,housing,scrapped,3843,2,False,True,3843
SIM-001136,standard,housing,sellable,2555,1,True,False,0
SIM-001137,standard,display,sellable,1976,1,True,False,0
SIM-001138,standard,power,sellable,3081,1,True,False,0
SIM-001139,standard,housing,sellable,1853,1,True,False,0
SIM-001140,standard,power,sellable,2503,1,True,False,0
SIM-001141,pilot,power,sellable,3100,2,True,True,0
SIM-001142,standard,housing,sellable,2353,1,True,False,0
SIM-001143,pilot,housing,scrapped,2160,1,False,False,2160
SIM-001144,standard,power,sellable,3162,1,True,False,0
SIM-001145,pilot,display,sellable,2235,1,True,False,0
SIM-001146,standard,power,sellable,4295,2,True,True,0
SIM-001147,standard,power,sellable,2223,1,True,False,0
SIM-001148,standard,housing,scrapped,2156,1,False,False,2156
SIM-001149,standard,housing,sellable,2380,1,True,False,0
SIM-001150,standard,power,sellable,2302,1,True,False,0
SIM-001151,standard,power,sellable,2083,1,True,False,0
SIM-001152,standard,display,sellable,2396,1,True,False,0
SIM-001153,standard,housing,sellable,2109,1,True,False,0
SIM-001154,pilot,power,sellable,2381,1,True,False,0
SIM-001155,standard,display,sellable,4712,2,True,True,0
SIM-001156,pilot,housing,scrapped,1694,1,False,False,1694
SIM-001157,pilot,power,sellable,1967,1,True,False,0
SIM-001158,pilot,housing,scrapped,2161,1,False,False,2161
SIM-001159,pilot,power,sellable,2273,1,True,False,0
SIM-001160,standard,display,sellable,2187,1,True,False,0
SIM-001161,standard,power,sellable,1821,1,True,False,0
SIM-001162,standard,display,sellable,1998,1,True,False,0
SIM-001163,standard,power,sellable,2418,1,True,False,0
SIM-001164,standard,housing,sellable,2380,1,True,False,0
SIM-001165,standard,display,sellable,2578,1,True,False,0
SIM-001166,standard,power,sellable,2364,1,True,False,0
SIM-001167,pilot,power,sellable,3798,2,True,True,0
SIM-001168,pilot,power,sellable,2017,1,True,False,0
SIM-001169,standard,power,sellable,2410,1,True,False,0
SIM-001170,standard,power,sellable,1832,1,True,False,0
SIM-001171,standard,display,sellable,2423,1,True,False,0
SIM-001172,standard,power,sellable,2814,1,True,False,0
SIM-001173,pilot,power,sellable,1473,1,True,False,0
SIM-001174,pilot,display,sellable,2290,1,True,False,0
SIM-001175,standard,power,sellable,4885,2,True,True,0
SIM-001176,pilot,power,sellable,1587,1,True,False,0
SIM-001177,standard,power,sellable,5366,2,True,True,0
SIM-001178,standard,display,sellable,2271,1,True,False,0
SIM-001179,pilot,display,sellable,1596,1,True,False,0
SIM-001180,pilot,power,sellable,3485,2,True,True,0
SIM-001181,pilot,display,sellable,1495,1,True,False,0
SIM-001182,standard,display,sellable,2270,1,True,False,0
SIM-001183,standard,display,sellable,2449,1,True,False,0
SIM-001184,pilot,power,sellable,2272,1,True,False,0
SIM-001185,pilot,display,sellable,1921,1,True,False,0
SIM-001186,standard,display,sellable,2331,1,True,False,0
SIM-001187,standard,housing,sellable,2153,1,True,False,0
SIM-001188,standard,housing,sellable,2085,1,True,False,0
SIM-001189,standard,display,sellable,1981,1,True,False,0
SIM-001190,pilot,power,sellable,4647,2,True,True,0
SIM-001191,pilot,display,sellable,3218,2,True,True,0
SIM-001192,standard,housing,sellable,2858,1,True,False,0
SIM-001193,standard,housing,sellable,2406,1,True,False,0
SIM-001194,pilot,housing,sellable,1579,1,True,False,0
SIM-001195,standard,power,sellable,1920,1,True,False,0
SIM-001196,pilot,housing,sellable,2297,1,True,False,0
SIM-001197,pilot,display,sellable,1381,1,True,False,0
SIM-001198,pilot,power,sellable,2236,1,True,False,0
SIM-001199,pilot,housing,sellable,1697,1,True,False,0
